Date,Geosmin.H,Geosmin.D,Geosmin.C,2MIB.H,2MIB.D,2MIB.C,Chla.H,Chla.D,Chla.C,Talgae.H,Talgae.D,Talgae.C,Cyano.H,Cyano.D,Cyano.C,Diatom.H,Diatom.D,Diatom.C,Synedra.H,Synedra.D,Synedra.C,Cyanotoxin.H,Cyanotoxin.D,Cyanotoxin.C,Turb.H,Turb.D,Turb.C,Rainfall,Outflow,DamLevel,Watertemp.M,Chla.M,Cyanotoxin.M,Mn.H,Mn.D,Mn.C,DMn.H,DMn.D,DMn.C,TP.H,TP.D,TP.C,AirTemp.,Windvelocity,SolarTime,SolarAmout,Cloud,Evaporation
2013-01-07,0,0,0,0,0,0,3.2,4.6,3.2,497.475,1091.475,579.15,0,0,0,388.575,638.55,386.1,24.75,14.85,17.325,0,0,0,0.8,1.5,2.5,4.2,377.811,74.01,6.2,3,0,,,,,,,,,,-7.516666667,1.283333333,7.65,8.85,2.633333333,0.466666667
2013-01-14,0,0,0,0,0,0,4.1,5.8,4.3,757.35,900.9,744.975,0,0,0,559.35,584.1,502.425,27.225,24.75,24.75,0,0,0,0.6,1.3,2.5,0.4,441.475,73.59,5.3,3.5,0,,,,,,,,,,-4.214285714,1.128571429,6.571428571,10.26571429,2.814285714,0.6
2013-01-21,0,0,0,0,0,0,4.5,7.3,5.3,720.225,1014.75,809.325,0,0,0,549.45,811.8,645.975,39.6,64.35,44.55,0,0,0,0.6,1.2,2.5,0,472.67,73.17,4.9,5.9,0,,,,,,,,,,-1.7,1.285714286,4.814285714,8.791428571,4.371428571,0.528571429
2013-01-28,0,0,0,0,0,0,4.6,6,4.7,663,908,666,0,0,0,581.625,816.75,603.9,37.125,56.925,44.55,0,0,0,0.5,1.1,2.7,30.8,711.717,72.88,4.3,5.1,0,,,,,,,,,,-0.971428571,1.957142857,3.728571429,6.728571429,5.628571429,0.6
2013-02-04,0,0,0,0,0,0,4.1,4.7,4.7,676,703,735,0,0,0,636.075,653.4,680.625,34.65,69.3,54.45,0,0,0,0.4,1,2.5,18.7,975.006,72.4,4,3.4,0,,,,,,,,,,2.757142857,1.171428571,4.528571429,8.615714286,5.385714286,0.828571429
2013-02-12,0,0,0,0,0,0,3.1,3.4,4.7,718,725,700,0,0,0,626.175,603.9,594,47.025,42.075,37.125,0,0,0,0.3,0.9,9.1,13.2,970.185,71.7,2.6,3.3,0,,,,,,,,,,-3.6,1.657142857,5.328571429,9.321428571,5.542857143,0.828571429
2013-02-18,0,0,0,0,0,0,2.4,2.7,4.7,500,520,552,0,0,0,408.375,361.35,420.75,17.325,59.4,34.65,0,0,0,0.7,0.9,4.9,1.1,534.702,71.46,3.9,2.9,0,,,,,,,,,,-0.728571429,1.3,6.771428571,13.10857143,4.742857143,1.171428571
2013-02-25,0,0,0,0,0,0,3,3.2,4.7,579,629,510,0,0,0,462.825,490.05,408.375,27.225,86.625,56.925,0,0,0,0.9,0.9,3.1,3.1,416.72,71.16,3.8,2.1,0,,,,,,,,,,-0.071428571,1.814285714,7.128571429,14.57857143,3.357142857,1.757142857
2013-03-04,0,0,0,0,0,0,2.1,3.7,4.7,401,683,527,0,0,0,336.6,584.1,443.025,32.175,180.675,108.9,0,0,0,1,0.9,3.3,5,361.352,70.98,5.6,4.1,0,,,,,,,,,,4.028571429,1.628571429,7.8,15.47714286,4.471428571,1.871428571
2013-03-11,0,0,0,0,0,0,3.5,5.6,4.7,455,842,624,0,0,0,368.775,690.525,522.225,54,321.75,217.8,0,0,0,1.2,0.9,3.5,2.3,290.644,70.9,6.4,4.3,0,,,,,,,,,,8,2.214285714,8.714285714,15.95857143,2.057142857,2.957142857
2013-03-18,0,0,0,0,0,0,5.1,6.1,4.7,745,941,621,0,0,0,678.15,863.775,559.35,136,361.35,178.2,0,0,0,0.9,0.9,3.7,27.2,290.363,71.17,7.1,3.9,0,,,,,,,,,,6.971428571,1.428571429,7.828571429,16.45428571,3.728571429,2.414285714
2013-03-25,0,0,0,0,0,0,2.3,4.7,4.7,574,903,614,0,0,0,487.575,626.175,487.575,160.875,227.7,183.15,0,0,0,0.9,0.9,3.6,17,288.46,71.77,7.2,2.3,0,,,,,,,,,,6.7,1.771428571,6.6,15.88714286,4.985714286,2.4
2013-04-01,0,0,0,0,0,0,2.5,6.2,4.7,611,1059,782,0,0,0,524.7,784.575,631.125,198,371.25,282.15,0,0,0,0.8,0.8,3.7,0.1,289.716,71.73,6.7,3.4,0,,,,,,,,,,6.757142857,1.685714286,9.742857143,20.93428571,3.642857143,3.314285714
2013-04-08,0,0,0,0,0,0,2.9,6.8,4.7,950.4,1881,1227.6,0,0,0,799.425,1675.575,1064.25,425.7,1009.8,638.55,0,0,0,0.9,0.9,3.8,23.9,475.59,71.4,9.2,4.9,0,,,,,,,,,,9.914285714,1.642857143,6.128571429,15.22285714,5.985714286,2.757142857
2013-04-15,0,0,0,0,0,0,3.1,4.6,4.7,742.5,1539.45,1039.5,0,0,0,658.35,1378.575,928.125,396,952.875,653.4,0,0,0,1.1,0.9,4.2,3,556.728,70.97,10.7,5.2,0,,,,,,,,,,8.457142857,2.685714286,10.47142857,21.04571429,2.8,4.042857143
2013-04-22,0,0,0,0,0,0,3.1,4.7,4.7,720.225,1494.9,1017.225,0,0,0,675.675,1415.7,962.775,358.875,891,623.7,0,0,0,1.1,1,4.9,16.4,556.635,70.48,12.2,5.7,0,,,,,,,,,,10.71428571,2.042857143,5.914285714,15.82714286,5.857142857,3.771428571
2013-04-29,0,0,0,0,0,0,3.5,3.8,4.7,821.7,1074.15,638.55,0,0,0,784.575,999.9,603.9,306.9,569.25,341.55,0,0,0,1.1,1.1,5.1,20.9,556.854,70.34,13.4,18.2,448,,,,,,,,,,12.25714286,1.928571429,7.642857143,18.37571429,5.085714286,3.271428571
2013-05-06,0,0,0,0,0,0,1.8,2.1,4.7,361.35,524.7,339.075,0,0,0,344.025,472.725,314.325,123.75,183.15,84.15,0,0,0,1.3,33.9,13.3,12.6,536.885,70.04,18.1,12.8,82,,,,,,,,,,13.71428571,1.985714286,9.571428571,21.81285714,3.042857143,3.842857143
2013-05-13,0,0,0,0,0,0,3,5.1,4.7,405.9,1041.975,396,0,0,0,405.9,992.475,383.625,119,51.975,34.65,0,0,0,1.4,23.4,20.6,16.1,704.859,69.85,20.8,3.2,0,,,,,,,,,,18.52857143,1.728571429,8.9,21.99714286,3.371428571,4.614285714
2013-05-20,0,0,0,0,0,0,3.1,5.4,4.7,801.9,1579.05,814.275,0,0,0,784.575,1551.825,799.425,24.75,37.125,22.275,0,0,0,1.6,1.5,10,20.2,722.111,69.61,22.4,2.3,0,,,,,,,,,,20.11428571,2.014285714,9.4,23.36857143,4.628571429,5.1
2013-05-27,0,0,0,0,0,0,3.5,18.3,4.7,982.575,7528.95,2526.975,0,0,0,895.95,7474.5,2462.625,0,12.375,0,0,0,0,1.5,1.6,1.8,0.1,605.259,69.24,22.6,7.3,0,,,,,,,,,,21.28571429,1.471428571,9.685714286,25.32857143,3.7,5.214285714
2013-06-03,0,0,0,0,0,0,5.8,19,4.7,1885,6905,3545,0,0,0,1852.5,6852.5,3497.5,18,20,18,0,0,0,1.7,1.7,2.1,40,613.812,68.94,25.1,4.7,122,,,,,,,,,,19.82857143,1.742857143,5.171428571,15.82714286,6.757142857,2.9
2013-06-10,0,0,0,0,0,0,6,13.2,4.7,2672.5,6182.5,3392.5,0,0,0,2647.5,6037.5,3345,18,20,18,0,0,0,1.7,1.5,2.1,1.5,809.973,67.78,25.7,3.9,500,,,,,,,,,,24.17142857,1.757142857,9.528571429,25.86,3.314285714,5.528571429
2013-06-17,0,0,0,0,0,0,7.5,9.1,4.7,2675,2852.5,2682.5,0,0,0,2617.5,2737.5,2620,27.5,72.5,55,0,0,0,1.8,1.6,1.8,3.1,810.244,66.55,26.2,6,204,,,,,,,,,,23.41428571,1.714285714,4.771428571,17.01571429,7.442857143,3.5
2013-06-24,0,0,0,0,0,0,5.5,9.5,4.7,1764.675,2046.825,1663.2,0,0,0,1712.7,1903.275,1569.15,19.8,61.875,39.6,0,0,0,4.6,1.5,6.4,81.6,802.778,66.66,27.2,7.2,18,,,,,,,,,,24.3,1.314285714,4.871428571,16.54571429,8.2,3.4
2013-07-01,0.01058,0,0.00536,0,0,0,6.4,11.1,4.7,1856.25,2467.575,1881,168.3,123.75,69.3,1126.125,2175.525,1584,232.65,311.85,277.2,128.7,0,0,2.1,1.5,2.4,18.8,656.943,66.12,29.2,10.7,16,,,,,,,,,,24.7,1.2,8.814285714,22.79571429,5.714285714,4.785714286
2013-07-08,0.00964,0.00874,0.00768,0,0,0,6.8,8,4.7,1432.5,1870,1355,195,140,120,1022.5,1530,1110,287.5,237.5,260,125,140,120,3,1.7,3,110.2,668.292,68.05,27.2,8,0,,,,,,,,,,25.51428571,1.642857143,3.614285714,12.52571429,8.228571429,3.042857143
2013-07-15,0.00685,0.00378,0,0,0,0,3.5,9.4,4.7,902.5,2237.5,1430,60,115,55,767.5,1947.5,1285,260,1285,755,60,65,55,2.8,2.1,2.2,17,610.574,67.98,28,14.4,78,,,,,,,,,,27,2.028571429,3.971428571,14.86142857,8.514285714,3.642857143
2013-07-22,0,0.00391,0,0,0,0,4.1,9.1,4.7,945,2962.5,1162.5,100,195,120,792.5,2485,970,437.5,1880,492.5,65,120,75,3.3,2.5,2.6,8.2,457.569,67.72,29.4,9.4,422,,,,,,,,,,27.54285714,2.071428571,7.471428571,19.81,6.028571429,4.814285714
2013-07-29,0,0,0,0,0,0,3.5,13.4,4.7,750,2157.5,1077.5,75,375,95,565,1132.5,787.5,135,395,235,0,315,45,2.5,2.1,2.1,38.5,387.61,67.66,29.9,8.6,1320,,,,,,,,,,27,1.785714286,4.485714286,14.60857143,7.242857143,3.914285714
2013-08-05,0.0017,0,0,0,0,0,2.9,8.3,4.7,817.5,1602.5,902.5,270,260,95,475,765,552.5,35,105,45,45,260,50,3.2,2.2,2.5,75,387.036,68.65,30.8,8.4,1022,,,,,,,,,,27.47142857,1.614285714,5.642857143,16.69714286,7.085714286,3.757142857
2013-08-12,0.0152,0.0028,0.0023,0,0,0,3.5,6.9,4.7,925,1662.5,942.5,410,870,455,412.5,592.5,402.5,100,155,110,130,205,120,1.7,1.9,1.6,35.3,380.739,69.41,32.6,4.8,1094,,,,,,,,,,28.94285714,1.7,8.371428571,20.21857143,4.671428571,4.685714286
2013-08-19,0.008,0.007,0.006,0,0,0,3.8,7.5,4.7,835,2177.5,935,225,1325,365,492.5,560,445,87.5,110,80,190,1040,310,1.3,1.2,1.4,0,384.404,69.08,31.8,5.9,1190,,,,,,,,,,28.91428571,1.442857143,11.72857143,24.36571429,3.942857143,5.6
2013-08-26,0.015,0.005,0.006,0,0,0,2.4,8.7,4.7,535,1757.5,775,185,915,335,280,352.5,270,125,67.5,70,80,445,175,1.4,1,1.5,71.3,382.942,69.5,30.9,9.2,1486,,,,,,,,,,27.47142857,1.342857143,7.185714286,18.22428571,6.085714286,4.471428571
2013-09-02,0.0245,0.0382,0.0267,0,0,0,2.7,7.2,4.7,522.5,1985,717.5,175,1410,355,270,292.5,242.5,35,32.5,40,130,525,170,0.9,1,1.5,10,364.435,69.46,28.4,9.9,2008,,,,,,,,,,25.24285714,1.528571429,8.328571429,18.60428571,5.671428571,4.014285714
2013-09-09,0.032,0.104,0.041,0,0,0,4.5,11.8,5.6,1127.5,3742.5,1555,540,2860,1070,487.5,650,407.5,92.5,110,100,320,1320,560,2.2,1,1.5,4.2,267.902,69.27,27.1,15.3,5234,,,,,,,,,,20.88571429,1.142857143,6.414285714,17.16285714,5.814285714,3.342857143
2013-09-16,0.053,0.203,0.096,0,0,0,4.2,16.2,6.2,950,4543,1645,475,3380,1075,380,682.5,420,82.5,95,80,325,1710,515,1.1,1.7,1.5,54,271.436,69.69,27.6,8.5,2694,,,,,,,,,,22.58571429,1.1,2.928571429,10.25428571,8.142857143,1.871428571
2013-09-23,0.019,0.17,0.068,0,0,0,3,10.6,4.9,755,2325,1023,340,1125,565,305,682.5,322.5,40,140,70,340,1010,515,0.9,1.8,1.4,0,271.283,69.66,26,13.7,1668,,,,,,,,,,22.42857143,1.328571429,9.857142857,20.49142857,2.085714286,3.9
2013-09-30,0.007,0.044,0.014,0,0,0,5.1,13,6.4,1003,2338,1155,60,1420,335,757.5,582.5,587.5,128,35,85,60,1420,335,0.8,1.8,1.4,36.7,271.527,69.62,25.1,13.5,714,,,,,,,,,,19.27142857,1.4,6.142857143,14.01142857,5.842857143,2.657142857
2013-10-07,0,0.017,0.004,0,0,0,27.3,15.9,10,4525,3503,2220,760,2250,660,3490,807.5,1355,210,40,80,304,876,264,0.8,1.7,1.7,13.7,210.374,69.72,24,14.8,962,,,,,,,,,,19.25714286,1.471428571,7.228571429,15.66142857,4.171428571,2.828571429
2013-10-16,0,0.008,0.001,0,0,0,11.3,16.3,12.3,2900,3433,2923,310,840,455,2300,2432.5,2280,95,123,80,124,232,138,1.8,2,1.5,25.9,216.345,69.87,22.7,19.4,1730,,,,,,,,,,19.3,1.485714286,6.271428571,13.34714286,4.871428571,2.3
2013-10-21,0,0,0,0,0,0,21.1,19.6,16.1,4145,4080,3040,180,640,265,3610,2787.5,2375,110,98,90,24,198,64,1.6,2,1.4,1.6,214.881,69.81,21.7,9.8,658,,,,,,,,,,13.77142857,1.257142857,8.228571429,14.71142857,2.842857143,2.257142857
2013-10-28,0,0,0,0,0,0,17.2,12.9,14.5,3950,2690,2858,390,100,160,3265,2215,2427.5,118,75,80,112,24,42,1.7,2.1,1.5,0,215.217,69.69,19.8,14.3,864,,,,,,,,,,12.87142857,1.4,8.928571429,15.48142857,1.6,2.542857143
2013-11-04,0,0,0,0,0,0,13.2,19.2,11.6,2493,3475,2200,100,610,220,2315,2692.5,1910,70,120,60,40,204,64,1.6,2,1.4,0.7,213.814,69.56,18.8,16.8,852,,,,,,,,,,12.24285714,0.914285714,6.514285714,11.05857143,5.457142857,1.842857143
2013-11-11,0,0,0,0,0,0,15,26.8,11.6,3330,4243,2685,225,465,235,3070,3720,2397.5,75,58,60,32,102,50,1.7,2.2,1.4,14.9,205.153,69.44,17.1,24.5,420,,,,,,,,,,10.9,1.414285714,5.585714286,10.49142857,4.642857143,1.714285714
2013-11-19,0,0,0,0,0,0,13.6,16.1,10.1,3215,4083,2733,210,315,205,2960,3625,2482.5,20,55,15,58,94,54,1.4,2.2,1.6,1.3,203.792,69.31,14.9,12.4,452,,,,,,,,,,5.857142857,1.385714286,7.442857143,11.36428571,3.157142857,1.471428571
2013-11-25,0,0,0,0,0,0,6.1,9.3,4.5,1560,2095,1398,105,385,90,1362.5,1605,1232.5,55,70,60,42,110,36,1.8,1.9,1.3,6.7,202.995,69.22,13.4,7.1,66,,,,,,,,,,4.442857143,1.571428571,5.785714286,8.658571429,4.657142857,1.285714286
2013-12-02,0,0,0,0,0,0,3.5,9.4,1.6,1153,1938,640,205,405,70,825,1362.5,515,35,53,20,82,162,28,1.5,1.7,1.3,28.9,202.929,69.25,12.2,3.3,44,,,,,,,,,,2.614285714,1.542857143,5.785714286,8.155714286,5.228571429,1.042857143
2013-12-10,0,0,0,0,0,0,2.3,4.7,3.3,905,1323,1043,55,90,60,777.5,1125,902.5,30,38,30,22,36,24,1.6,1.7,1,0.3,202.996,69.22,10.9,4.3,0,,,,,,,,,,5.057142857,1.028571429,6.514285714,9.371428571,3.714285714,1.185714286
2013-12-16,0,0,0,0,0,0,2.2,4.1,2.8,732.5,1253,817.5,40,85,50,600,967.5,672.5,20,22.5,20,40,85,50,1.8,1.8,1.2,21.1,203.101,69.31,9,3.7,242,,,,,,,,,,0.314285714,1.785714286,5.314285714,7.348571429,5.785714286,1.042857143
2013-12-23,0,0,0,0,0,0,1.4,3.1,2.1,320,922.5,557.5,0,80,55,262.5,680,400,17.5,22.5,17.5,0,80,55,1.5,1.6,1,0.8,205.162,69.3,7.9,3.4,24,,,,,,,,,,-0.214285714,1.185714286,4.228571429,7.511428571,6.685714286,0.7
2013-12-30,0,0,0,0,0,0,2.1,4.1,3.4,375,955,627.5,0,62.5,40,307.5,642.5,462.5,17.5,20,17.5,0,62.5,40,0.8,1.4,1.1,0.3,206.104,69.23,7,3.3,0,,,,,,,,,,-1.114285714,1.442857143,6.771428571,9.622857143,3.785714286,1.142857143
2014-01-06,0,0,0,0,0,0,11.1,3.7,2.7,2942.5,817.5,620,0,0,0,2857.5,550,565,42.5,20,15,0,0,0,1.2,1.6,1,0,95.459,69.15,6.4,3.2,0,,,,,,,,,,2.414285714,1.214285714,7.2,9.237142857,2.1,1.442857143
2014-01-13,0,0,0,0,0,0,2.3,3.2,2.3,562.5,627.5,530,0,0,0,470,442.5,420,22.5,40,25,0,0,0,1.1,1.4,1.1,0.2,133.02,69.04,5.4,3.4,0,,,,,,,,,,-1.457142857,1.228571429,4.414285714,8.077142857,4.157142857,1.242857143
2014-01-20,0,0,0,0,0,0,3.2,4.4,3.4,712.5,827.5,717.5,0,0,0,590,672.5,582.5,0,35,17.5,0,0,0,1.1,1.4,0.9,0,133.284,68.93,5,2.7,0,,,,,,,,,,-2.457142857,1.028571429,7,10.65428571,2,1.128571429
2014-01-27,0,0,0,0,0,0,2.8,3.6,2.8,602.5,750,612.5,0,0,0,447.5,645,480,17.5,57.5,45,0,0,0,1,1.3,1,3.2,133.453,68.81,4.6,3.2,0,,,,,,,,,,0.328571429,1.342857143,4.971428571,9.02,4.671428571,0.942857143
2014-02-04,0,0,0,0,0,0,2.6,4.6,3.6,560,785,680,0,0,0,460,705,600,17.5,45,30,0,0,0,1,1.3,1,1.3,151.191,68.67,4.7,3.6,0,0.038,0.016,0.024,,,,,,,4.128571429,1.128571429,5.142857143,8.977142857,5.014285714,1.442857143
2014-02-17,0,0,0,0,0,0,2.6,4.1,3.1,495,920,610,0,0,0,345,710,480,40,155,77.5,0,0,0,0.8,1.2,1,0.5,154.443,68.39,4.1,4,0,0.029,0.005,0.005,,,,0,0,0,2.057142857,1.771428571,6.371428571,12.46285714,4.785714286,1.657142857
2014-02-24,0,0,0,0,0,0,3.1,3.3,3.2,722.5,892.5,730,0,0,0,575,722.5,600,87.5,100,80,0,0,0,0.8,1.2,0.9,0,154.111,68.22,4.6,5.3,0,0.013,0,0.006,,,,0.005,0.011,0.01,2.614285714,1.514285714,6.857142857,13.60714286,3.228571429,1.771428571
2014-03-03,0,0,0,0,0,0,2.8,3.2,3,790,1112.5,910,0,0,0,622.5,895,735,35,90,50,0,0,0,0.8,1.2,1,0.6,147.906,68.07,5.4,3.3,0,0.052,0.009,0.019,,,,0.005,0.006,0.005,6.757142857,1.357142857,5.1,12.55857143,5.114285714,1.857142857
2014-03-10,0,0,0,0,0,0,4,5,4.1,1192.5,1547.5,1260,0,0,0,922.5,1310,1010,162.5,142.5,135,0,0,0,0.9,1.2,1.1,0.9,140.711,67.91,5.1,3.4,0,0.032,0.03,0.017,,,,0.004,0.005,0.005,2.871428571,1.928571429,8.685714286,17.38571429,2.814285714,2.6
2014-03-17,0.002,0.002,0.002,0,0,0,4.6,5.2,4.8,1310,1695,1407.5,0,0,0,1022.5,1352.5,1117.5,192.5,212.5,180,0,0,0,1.1,1.3,1.2,34.7,134.284,68.08,6.6,4.9,0,0.021,0.016,0.013,,,,0.003,0.004,0.004,5.657142857,1.614285714,7.171428571,14.95142857,3.271428571,2.285714286
2014-03-24,0.002,0.003,0.002,0,0,0,4.7,6.6,5.3,1370,1877.5,1515,0,0,0,1115,1607.5,1260,222.5,345,252.5,0,0,0,1.2,1.4,1.2,3.3,132.425,68.13,8.8,3.7,0,0.026,0.011,0.013,,,,0.005,0.008,0.006,9.828571429,2.071428571,7.842857143,17.65857143,4.114285714,2.942857143
2014-04-01,0.002,0.002,0.002,0,0,0,4,6.5,4.8,1032.5,1750,1340,0,0,0,822.5,1345,1075,208,490,385,0,0,0,1.2,1.4,1.1,38.3,131.672,68.55,10.3,3.8,0,0.027,0.011,0.014,,,,0.004,0.01,0.009,14.37142857,1.371428571,5.285714286,14.11142857,6.142857143,2.314285714
2014-04-07,0.001,0.002,0.001,0,0,0,4,7.2,5.1,1292.5,2310,1675,0,0,0,1040,1957.5,1460,520,1300,955,0,0,0,1.2,1.5,1.1,2.5,134.417,68.84,11.3,3.6,0,0.04,0.011,0.016,,,,0.005,0.006,0.004,10.98571429,1.6,9.642857143,21.23428571,2.742857143,3.571428571
2014-04-14,0.003,0.004,0.004,0,0,0,3.2,6.1,4.1,1025,2075,1330,0,0,0,807.5,1442.5,1020,390,705,580,0,0,0,1.4,1.5,1.1,1,164.202,68.73,14,6.9,0,0.036,0.011,0.015,,,,0.006,0.01,0.007,13.88571429,1.571428571,7.414285714,19.13142857,4.714285714,3.357142857
2014-04-21,0.004,0.007,0.005,0,0,0,3.2,7.7,5.7,1072.5,2417.5,1690,0,0,0,837.5,1932.5,1395,447.5,590,530,0,0,0,1.6,1.5,1.1,14.3,182.304,68.59,16.4,3.6,0,0.02,0.008,0.012,,,,0.006,0.011,0.008,15.31428571,2.114285714,7.771428571,20.2,4.642857143,3.728571429
2014-04-28,0.004,0.007,0.005,0,0,0,3.2,7.6,5.6,1030,2172.5,1572.5,0,0,0,787.5,1715,1250,460,680,570,0,0,0,1.5,1.3,1.2,7.7,182.127,68.4,15.6,4.4,0,0.02,0.009,0.011,,,,0.004,0.025,0.015,16.75714286,1.157142857,7.685714286,20.42428571,3.628571429,3.914285714
2014-05-07,0.005,0.005,0.004,0,0,0,2.8,4.3,4,727.5,41766,1147.5,0,0,0,547.5,1192.5,1027.5,305,260,295,0,0,0,1.7,1.4,1.5,50.1,196.336,69.17,16.8,2.4,0,0.027,0.015,0.019,,,,0.006,0.016,0.01,14.84285714,1.842857143,5.957142857,17.75571429,5.285714286,3.4
2014-05-12,0.005,0.005,0.004,0,0,0,2.3,4.8,3.9,652.5,1312.5,1100,0,0,0,502.5,1155,940,237.5,95,130,0,0,0,1.7,1.4,1.6,10.9,273.444,68.86,17.9,3.8,0,0.023,0.008,0.011,,,,0.007,0.02,0.015,15.94285714,2.5,10.42857143,26.62714286,2.657142857,5.057142857
2014-05-19,0.003,0.004,0.002,0,0,0,2.5,4.7,3,730,1305,905,0,0,0,645,1220,830,82.5,55,60,0,0,0,1.8,1.6,2,6.6,338.777,68.39,20.8,4.5,0,0.025,0.011,0.015,,,,0.01,0.024,0.018,19.72857143,1.928571429,10.9,26.28857143,3.042857143,5.385714286
2014-05-26,0.004,0.003,0.002,0,0,0,3,11,6.4,965,2737.5,1725,0,0,0,857.5,2412.5,1555,40,25,30,0,0,0,1.8,1.6,2.3,3,338.628,67.87,21.8,4.9,0,0.012,0,0.004,,,,0.008,0.02,0.012,20.97142857,1.557142857,7.128571429,21.01857143,4.757142857,4
2014-06-02,0.002,0.002,0.002,0,0,0,4.2,7.4,5.5,1310,2190,1712.5,0,0,0,1220,1945,1565,25,22.5,20,0,0,0,1.5,1.7,2,4.8,347.846,67.24,23.1,0.4,0,0.011,0,0.004,,,,0.007,0.023,0.014,23.81428571,1.8,10.37142857,26.46142857,2.228571429,6.071428571
2014-06-09,0.002,0.003,0.002,0,0,0,5.1,5.9,5.2,1805,1982.5,1842.5,0,0,0,1782.5,1715,1702.5,15,22.5,20,0,0,0,2.1,1.6,2.3,2.8,406.243,66.49,23.7,1.2,38,0.026,0.005,0.005,,,,0.007,0.012,0.01,22.1,2.2,4.414285714,15.71857143,7.571428571,3.085714286
2014-06-16,0.002,0.002,0.001,0,0,0,5.7,5.6,4.8,2150,1957.5,1770,0,0,0,2045,1665,1675,18,30,20,0,0,0,2.8,1.7,3,27,406.355,65.9,24.9,3.7,160,0.015,0.006,0.007,,,,0.012,0.02,0.012,21.65714286,1.7,8.414285714,21.40428571,5.757142857,4.057142857
2014-06-23,0.002,0.002,0.001,0,0.002,0,5.6,3.6,3.5,2107.5,1035,1020,30,0,25,2040,940,945,20,15,20,0,0,0,2.1,1.5,2.2,16.7,407.369,65.22,25.6,2.2,0,0.024,0,0,,,,0.008,0.016,0.013,23.35714286,1.642857143,5.714285714,20.48428571,6.9,4.028571429
2014-07-01,0.002,0.002,0.002,0,0,0,1.8,4.3,2.7,845,1387.5,912.5,0,0,0,762.5,1150,775,17.5,15,18,0,0,0,2.1,1.5,2.2,19.9,406.907,64.76,27.5,2.2,0,0.031,0.007,0.006,,,,0.007,0.015,0.013,24.17142857,1.357142857,8.214285714,22.47142857,6.157142857,4.485714286
2014-07-07,0.002,0.002,0.001,0,0,0,1.8,5.9,2.9,820,1620,990,0,0,0,675,1250,835,15,15,15,0,0,0,2.5,1.4,2.2,44.2,256.34,64.84,26.4,2.6,0,0.012,0,0.005,,,,0.013,0.026,0.02,24.38571429,1.514285714,4.671428571,17.81857143,7.642857143,3.5
2014-07-14,0.003,0.002,0.002,0,0,0,1.9,6.2,3.5,845,1660,1010,0,185,0,760,1315,915,15,20,15,0,185,0,2.8,1.4,2.2,11.4,245.72,64.54,27.4,4,328,0.008,0.004,0.006,,,,0.007,0.024,0.015,26.12857143,1.642857143,7.314285714,20.1,6.814285714,4.9
2014-07-21,0.004,0.002,0.002,0,0,0,1.9,5.6,2,815,1463,860,0,140,50,662.5,1075,652.5,15,15,17.5,0,140,0,2.9,1.7,2.6,39.7,245.171,64.51,27.5,4.1,290,0.0114,0.0041,0.0069,,,,0.008,0.024,0.019,25.95714286,1.285714286,5.414285714,17.53571429,7.628571429,4.314285714
2014-07-28,0.006,0.003,0.003,0,0,0,1.8,7.1,3.3,790,1663,1008,0,75,0,705,1410,887.5,13,15,13,0,75,0,2.4,1.4,2.2,10.2,245.437,64.2,27.6,3.8,94,0.0069,0,0,,,,0.023,0.103,0.036,26.82857143,2.1,6.528571429,17.62142857,6.7,3.642857143
2014-08-04,0.012,0.008,0.01,0,0,0,2.5,4.9,4.2,460,827.5,987.5,12.5,75,157.5,377.5,690,782.5,2.5,35,12.5,13,75,158,2.1,1.5,2.1,61.9,239.366,64.23,26.8,3.9,748,0.0107,0.0046,0.0056,,,,0.008,0.025,0.015,26.7,2.171428571,4.914285714,16.88285714,7.528571429,3.028571429
2014-08-11,0.028,0.03,0.019,0.002,0.003,0.002,2.4,6.8,3.3,562.5,907.5,752.5,195,180,220,300,672.5,487.5,3,5,5,195,180,220,1.9,1.5,2,71.1,219.728,65.31,26.1,4.7,712,0.0108,0.0289,0.0055,,,,0.008,0.012,0.019,24.7,1.942857143,3.114285714,12.21857143,8.314285714,3.271428571
2014-08-18,0.028,0.049,0.023,0.003,0.003,0.002,5.2,6.8,4.2,830,1300,1060,165,535,325,550,523,650,10,10,3,85,98,155,1.4,1.5,1.7,33.5,220.173,66.54,25.3,6.9,588,0.009,0,0,,,,0.014,0.021,0.016,23.67142857,0.985714286,4.514285714,14.36428571,7.585714286,2.357142857
2014-08-25,0.003,0.007,0.003,0.003,0.006,0.003,2.5,5.8,4,580,2235,813,5,1013,40,453,1100,723,3,15,5,5,15,40,1.5,1.8,1.5,109.7,219.823,71.57,25.7,10.2,110,0.0122,0.0101,0.0079,,,,0.008,0.03,0.008,23.75714286,1.2,2.457142857,10.88285714,8.871428571,1.642857143
2014-09-01,0.004,0.011,0.003,0,0,0,2.7,7.8,4.4,768,1838,1088,175,343,188,520,1348,783,10,3,5,0,48,15,2.2,2.3,1.5,76.1,294.213,73.48,26,4.6,714,0.037,0.0061,0,,,,0.009,0.019,0.012,23.61428571,1.714285714,7.142857143,17.78714286,6.414285714,3.714285714
2014-09-11,0.004,0.003,0.003,0,0,0,2.1,6.2,3.8,825,1490,745,0,898,303,745,500,385,15,10,3,0,208,108,2.6,2.7,1.4,13.9,349.703,73.36,27.2,9.5,4522,0.004,0,0,,,,0.018,0.016,0.012,23.02857143,1.5,6.414285714,17.34714286,5.471428571,3.114285714
2014-09-15,0.007,0.016,0.004,0,0.003,0,2.5,6.3,3.9,1283,1895,1293,240,948,625,935,838,585,10,10,8,30,48,123,2.6,3.5,1.3,0,350.354,72.97,27.5,4.7,2198,0.0093,0.0071,0.0042,,,,0.036,0.023,0.031,22.17142857,1.185714286,8.028571429,18.58571429,3.914285714,3.371428571
2014-09-22,0.011,0.039,0.011,0,0.003,0,1.8,9.7,4.8,660,2510,1473,105,1495,893,313,803,468,5,8,3,43,238,208,2.5,1.4,1.4,0,349.648,72.5,27.2,7.3,2678,0,0,0,,,,0.015,0.011,0.01,20.68571429,1.142857143,7.757142857,18.62428571,4.842857143,3.5
2014-09-29,0.027,0.029,0.009,0.004,0.006,0.003,2.7,7,3.2,628,1380,590,210,560,138,278,618,340,15,5,10,65,83,33,2.3,2.1,1.6,63.3,347.914,72.63,24.4,11.7,3628,0.0116,0.0075,0.0062,,,,0.026,0.025,0.026,20.87142857,1.5,6.557142857,15.43142857,5.257142857,2.885714286
2014-10-06,0.011,0.022,0.008,0,0,0,2,9.1,3.5,550,2458,1638,205,1448,1208,213,655,328,5,5,5,33,428,448,2,2,1.5,4.6,231.795,72.5,23.2,7.1,1992,0.0159,0.008,0.0069,,,,0.021,0.014,0.013,18.52857143,1.957142857,6.1,13.22,5.628571429,2.557142857
2014-10-13,0.023,0.017,0.01,0.003,0.004,0.003,4.4,8.8,4.9,1870,2268,2908,833,1363,1818,665,698,950,5,15,3,225,443,655,1.7,1.8,1.3,0,183.134,72.33,21.9,9,1646,0.0104,0.004,0,,,,0.025,0.024,0.028,17.38571429,1.671428571,9.385714286,17.9,2.185714286,3.014285714
2014-10-20,0.021,0.008,0.009,0.003,0,0.003,6.3,17.3,10.8,2163,7710,4028,470,2385,1330,1475,4750,2455,3,5,10,75,550,288,1.6,1.7,1.4,11.3,184.094,72.18,20.8,17.7,286,0.0329,0.0066,0.0122,,,,0.028,0.015,0.015,13.65714286,1.285714286,8.928571429,16.30285714,2.214285714,2.671428571
2014-10-27,0.009,0.003,0.005,0,0,0.002,8.2,20.3,11.2,4813,5163,3910,875,790,815,3500,3885,2870,10,8,8,275,280,225,1.9,1.7,1.4,78.9,183.762,73.14,20.2,14.5,682,0.0221,0.0046,0.0085,,,,0.015,0.019,0.017,14.45714286,1.128571429,5.6,10.85857143,4.657142857,1.6
2014-11-03,0.006,0.004,0.004,0.003,0,0,7.5,20.2,12.9,2438,4678,4690,305,555,1210,1923,3960,3365,8,5,10,125,125,300,1.9,1.7,1.5,44.4,186.48,73.71,18.7,13.7,266,0.0233,0,0.0097,,,,0.019,0.035,0.088,11.32857143,1.242857143,5.014285714,9.585714286,4.985714286,1.414285714
2014-11-10,0.005,0.003,0.002,0,0,0,4.32,14.16,9.4,1723,3278,1923,205,645,369,1345,2110,1395,5,13,5,50,425,125,1.7,1.6,1.4,0,189.442,73.93,17.9,12.2,240,0.0199,0,0.006,,,,0.016,0.021,0.021,9.928571429,1.042857143,7.414285714,12.39,3.128571429,1.557142857
2014-11-17,0.003,0.002,0.002,0,0,0,3.7,9.1,6.5,2543,2908,2675,578,918,858,1493,943,1373,5,3,5,400,550,618,1.6,1.5,1.4,2.6,197.368,73.84,14.4,5.8,266,0.0204,0.005,0.0135,,,,0.016,0.02,0.014,6.7,1.485714286,7.242857143,11.81142857,4.814285714,1.6
2014-11-24,0.003,0.002,0.002,0,0,0,4.1,8.2,6.3,1713,3500,1945,413,1030,825,810,1168,648,8,10,13,150,980,575,1.3,1.4,1.2,0,211.123,73.7,14.6,7.5,376,0.0209,0.0052,0.0109,,,,0.014,0.017,0.016,6.714285714,0.971428571,6.314285714,9.708571429,3.628571429,1.228571429
2014-12-01,0.004,0.002,0.002,0,0,0,3.5,7.1,5.4,1403,2885,2330,190,785,600,798,1080,1140,5,8,23,100,750,450,1.3,1.4,1.1,44.4,222.009,74.02,13.8,6.4,794,0.0297,0.0046,0.0124,,,,0.013,0.01,0.012,9.6,1.371428571,2.185714286,4.682857143,7.085714286,0.828571429
2014-12-08,0.003,0.002,0.002,0,0,0,3.7,5.8,2.4,2053,4183,1608,263,1388,575,1040,1285,820,8,5,5,263,1138,500,1.4,1.4,1.1,7.4,302.821,74.02,11.4,5.4,0,0.0064,0,0,,,,0.013,0.019,0.017,-2.157142857,1.614285714,5.4,7.358571429,5.171428571,0.728571429
2014-12-15,0.002,0,0.001,0,0,0,4,7.9,1.6,2340,3390,1585,523,875,450,1320,1345,920,15,3,3,338,825,400,1,1.3,1.1,4.5,307.965,73.85,10.4,5.1,64,0.0275,0.0062,0.0203,,,,0.008,0.02,0.007,-1.042857143,1.214285714,6.071428571,8.481428571,4.585714286,1.228571429
2014-12-22,0.002,0,0,0,0,0,4.3,7,2,2005,2140,1283,623,223,325,958,1103,670,5,10,0,225,188,300,1,1.4,1.2,9.9,308.038,73.66,8.9,5.7,246,0.0692,0.0116,0.0698,,,,0.014,0.022,0.015,-2.414285714,1.671428571,5.371428571,8.731428571,5.242857143,1
2014-12-30,0.001,0,0,0,0,0,4.9,9.1,3.2,1180,3300,1685,50,150,225,725,1690,1175,10,0,0,50,150,225,1.1,1.4,1.2,0.3,307.499,73.41,8,4,0,0.0742,0.0192,0.0478,,,,0.01,0.016,0.01,-1.1,1.057142857,4.942857143,8.074285714,3.214285714,0.814285714
2015-01-05,0.001,0,0,0,0,0,4,4.7,6.1,980,2118,963,18,48,163,615,1308,555,10,5,13,18,0,163,1.1,1.3,1.3,0.1,122.242,73.22,7.4,2.7,0,0.0423,0.0216,0.1052,,,,0.01,0.018,0.009,-0.614285714,1.528571429,6.314285714,8.708571429,3.8,1.028571429
2015-01-12,0,0,0,0,0,0,2.6,3.1,3,1768,1930,1285,0,88,25,1450,1500,1083,15,13,10,0,75,25,1.1,1.3,1.3,14.9,219.915,73.23,7,2,0,0.1468,0.0719,0.0437,,,,0.01,0.01,0.011,-0.4,1.514285714,6.557142857,10.07571429,2.842857143,1.257142857
2015-01-19,0.001,0,0,0,0,0,1.3,2.6,3.4,1140,2163,1120,0,0,0,975,1873,945,20,10,5,0,0,0,1,1.3,1,1.4,244.77,73.09,6,2,0,0.0446,0.0338,0.053,,,,0.012,0.008,0.007,0.242857143,1.228571429,5.3,8.751428571,4.542857143,1.114285714
2015-01-26,0,0,0,0,0,0,2.1,3.7,2.7,1280,1315,1215,50,25,0,1058,1083,1020,18,15,25,0,25,0,0.9,1.3,0.8,7.3,244.616,72.95,5.7,2.1,0,0.035,0.0212,0.0395,,,,0.01,0.012,0.01,2.171428571,1.142857143,3.2,7.145714286,6.385714286,0.585714286
2015-02-02,0.002,0,0,0,0,0,1.9,2.7,2.3,3508,2198,1970,0,0,0,3250,1833,1738,55,63,50,0,0,0,0.9,1.2,0.8,2.9,245.38,72.83,5,2.7,0,0.0145,0.0252,0.0394,,,,0.008,0.01,0.011,-0.828571429,1.285714286,6.1,10.56285714,4.071428571,1.2
2015-02-09,0.001,0,0,0,0,0,2.3,3,1.8,1258,1360,980,0,75,0,1118,1050,815,40,38,30,0,75,0,0.8,1.1,0.8,0,279.584,72.58,4.9,2.9,0,0.0268,0.0148,0.0516,,,,0.01,0.011,0.011,-0.342857143,1.485714286,6.785714286,11.62571429,4.028571429,1.5
2015-02-16,0,0,0,0,0,0,2.2,3.3,2.8,1783,1588,935,18,0,0,1365,1195,683,53,23,20,0,0,0,0.9,1.1,0.9,1.7,336.508,72.25,5.8,2.6,0,0.0172,0.0158,0.0146,,,,0.012,0.011,0.01,1.671428571,1.957142857,7.442857143,13.01428571,3.642857143,1.4
2015-02-23,0,0,0,0,0,0,1.8,3.2,2.6,1225,1165,1010,0,0,0,1045,815,785,35,75,70,0,0,0,0.9,1.1,0.9,19.3,283.799,72.13,5.9,2.7,48,0.0351,0.0116,0.0158,,,,0.007,0.008,0.009,4.2,1.557142857,3.114285714,8.171428571,7.7,1.042857143
2015-03-02,0,0,0,0,0,0,2.1,2.5,2.8,865,1175,1250,50,0,0,545,915,945,15,40,45,50,0,0,0.9,1.1,1,1.3,280.472,72,6.3,4.3,0,0.0083,0.0085,0.0065,,,,0.008,0.011,0.009,2.9,1.771428571,6.042857143,13.65857143,5.471428571,1.8
2015-03-09,0,0,0,0,0,0,1.6,2.9,2.1,1165,1850,1275,0,0,0,835,1250,890,75,90,40,0,0,0,0.9,1.1,1,1,274.952,71.75,7,3.4,0,0.0137,0.0101,0.0114,,,,0.008,0.01,0.01,3.542857143,1.6,8.728571429,17.90142857,2.771428571,2.585714286
2015-03-16,0,0,0,0,0,0,2.5,4.5,3.3,1425,1865,1825,0,0,0,1105,1385,1400,90,150,150,0,0,0,1,1.2,1,1.2,280.118,71.47,8.3,3.2,0,0.0196,0.0167,0.0152,,,,0.007,0.011,0.01,3.842857143,2.257142857,8.914285714,18.70857143,2.914285714,3
2015-03-23,0,0,0,0,0,0,2.5,2.8,3.6,1380,2650,2160,0,0,0,1015,1765,1505,120,220,205,0,0,0,0.9,1.2,1,29.4,280.04,71.68,9.8,3,0,0.0083,0.0082,0.0065,,,,0.008,0.013,0.009,11.84285714,1.471428571,7.542857143,16.79714286,3.928571429,2.685714286
2015-03-30,0,0,0,0,0,0,2,3.6,2.2,1360,2210,1620,0,0,70,1000,1365,975,130,355,180,0,0,50,0.8,1.2,0.9,0.1,238.644,71.65,10.3,7.1,0,0.0172,0.0197,0.0167,,,,0.007,0.009,0.012,8.471428571,1.471428571,10.35714286,22.58142857,1.442857143,3.7
2015-04-06,0,0,0,0,0,0,1.8,2.8,2.2,1180,2345,1820,0,0,50,550,1365,1205,180,495,325,0,0,0,0.8,1.2,1.1,28,290.83,71.52,11,3.8,0,0.0152,0.0082,0.012,,,,0.006,0.013,0.009,12.77142857,2.357142857,3.342857143,10.25571429,7.042857143,1.414285714
2015-04-13,0,0,0,0,0,0,1.6,5.1,3.4,1125,2815,1655,0,100,75,595,1595,1140,210,465,455,0,0,75,0.8,1.2,1.1,1.9,373.287,71.4,12.1,4.7,0,0.0168,0.01,0.0095,,,,0.006,0.01,0.009,10.92857143,1.614285714,5.457142857,16.45857143,5.442857143,2.771428571
2015-04-20,0,0,0,0,0,0,2.23,2.72,2.57,865,1750,1120,0,50,0,580,1240,705,155,455,260,0,0,0,0.9,1.2,1.2,27.3,412.783,71.35,17.8,2.8,0,0.0195,0.016,0.0114,,,,0.006,0.011,0.008,11.64285714,1.771428571,4.928571429,14.07142857,6.128571429,2.171428571
2015-04-27,0,0,0,0,0,0,2.3,4.5,3.3,575,2125,1280,0,0,0,280,1285,875,115,595,320,0,0,0,0.9,1.2,1.2,15.4,441.271,71.41,18.6,3,0,0.0231,0.0181,0.0154,,,,0.011,0.009,0.007,14.92857143,1.728571429,9.671428571,23.07142857,2.957142857,4.457142857
2015-05-06,0.002,0.003,0.001,0,0,0,1.6,5,3.4,615,2765,1540,0,25,0,335,2030,1200,105,420,260,0,25,0,0.9,1.2,1.2,22.1,348.109,71.17,19.8,3.1,0,0,0.004,0,,,,0.007,0.013,0.009,19.38571429,1.542857143,6.3,18.11857143,6.014285714,3.271428571
2015-05-11,0.004,0.004,0.002,0,0,0,3.6,8.7,5,1390,1910,1505,25,25,0,1080,1565,1235,185,110,180,0,25,0,1,1.2,1.3,0.3,552.836,70.48,21.1,4.9,28,0,0.0137,0.004,,,,0.006,0.007,0.006,16.68571429,1.442857143,9.628571429,24.83285714,3.557142857,4.885714286
2015-05-18,0.002,0.002,0.002,0,0,0,1.8,6.6,3.3,800,3955,2015,0,25,0,530,3490,1720,55,25,55,0,25,0,1.2,1.2,1.4,14.8,555.884,69.72,24.2,2.7,28,0.0216,0.0086,0.0101,,,,0.009,0.019,0.008,19,2.342857143,8.842857143,23.08,4.628571429,4.428571429
2015-05-26,0,0.001,0,0,0,0,2.6,7.3,3.9,1730,3555,3145,50,150,0,1380,3040,2850,45,40,25,50,150,0,1.1,1.1,1.4,0.3,527.596,68.88,24.2,4.2,0,0.0085,0,0,,,,0.008,0.013,0.006,19.45714286,1.685714286,10.62857143,27.05285714,3.985714286,5.428571429
2015-06-01,0.003,0.004,0.003,0,0,0,4.4,8.2,6,1000,3845,2855,25,250,200,735,2785,2220,45,85,60,25,100,175,1.2,1.2,1.7,2.3,518.349,67.98,24.8,3.4,120,0.0226,0.0094,0.0065,,,,0.008,0.013,0.01,22.14285714,1.314285714,10.75714286,26.96857143,3.142857143,5.742857143
2015-06-08,0.003,0.002,0.002,0,0,0,3.5,7.3,4.8,1430,3325,2025,100,175,200,945,2110,1340,60,235,100,75,75,50,1.3,1.2,1.7,0.1,499.306,67.07,27.7,4.6,0,0.0053,0,0,,,,0.008,0.015,0.009,22.25714286,1.471428571,9.4,25.45571429,5.028571429,5.8
2015-06-15,0.002,0.002,0.001,0,0,0,2.8,8.7,4.1,1585,4375,3120,0,325,150,1210,2570,2220,75,285,145,0,100,50,1.5,1.2,1.9,2.1,415.895,66.25,27.1,4.3,0,0.0224,0.0145,0.0126,,,,0.008,0.015,0.009,24.02857143,1.614285714,6.9,20.98857143,5.857142857,5.328571429
2015-06-22,0.003,0.003,0.002,0,0,0,2.9,7.5,4.5,2085,3760,2440,225,460,150,955,2305,1635,135,305,230,100,260,50,1.6,1.2,1.8,14.6,370.712,65.54,28.6,5.4,142,0.0083,0,0,,,,0.003,0.012,0.006,23.75714286,1.514285714,6.885714286,20.24,7.271428571,4.485714286
2015-06-29,0.002,0.001,0,0,0,0,2.6,7.4,5,1520,4415,2895,100,1725,1150,630,2065,1180,145,410,245,50,150,200,2.1,1.2,2.1,58.9,356.653,65.37,28.4,6.7,548,0.033,0.0219,0.0215,,,,0.008,0.021,0.012,23.41428571,1.485714286,6.8,20.35571429,6.542857143,3.9
2015-07-06,0.004,0.002,0.002,0,0.003,0,3.5,8.1,4.7,2070,5530,3530,680,2040,1600,645,2465,1355,350,400,470,330,590,300,2.2,1.2,2.1,9.5,266.133,64.99,26.4,8.2,140,0.0233,0.0168,0.1,,,,0.007,0.023,0.017,23.65714286,1.571428571,9.757142857,24.66285714,5.728571429,4.985714286
2015-07-13,0.004,0.001,0.002,0,0,0,3.8,6.7,4.5,4415,3590,3585,2775,615,2235,1000,2010,840,485,805,330,150,0,0,1.9,1.2,2,104.3,234.766,66.36,26.8,7.7,366,0.0163,0,0.0131,,,,0.008,0.029,0.019,23.78571429,2.1,3.857142857,14.11142857,8.271428571,3.014285714
2015-07-20,0.003,0.001,0.002,0.002,0.002,0,3.5,9.7,5,5585,8410,4455,3475,3330,2185,1265,3510,1400,655,1840,670,0,1250,250,1.5,1.2,1.8,2.3,237.536,66.62,29.2,13.3,64,0.0222,0.0086,0.0114,,,,0.014,0.019,0.014,25.11428571,2.114285714,6,18.94142857,6.442857143,3.785714286
2015-07-27,0.005,0.004,0.004,0,0.003,0,3.2,8.3,4.9,2985,4665,3475,1400,1950,2200,865,1800,830,370,485,245,150,50,300,5,2.1,9.8,34.6,237.982,66.63,30.8,6.4,502,0,0,0,,,,0.011,0.018,0.012,26.82857143,1.528571429,3.685714286,13.26857143,8.028571429,2.814285714
2015-08-03,0.006,0.003,0.004,0,0,0,4.7,1.8,2.2,3020,1147,1670,1065,380,475,805,410,590,340,125,155,415,210,245,2.8,2.3,5.7,23.9,232.789,66.45,31,4.1,28,0.0096,0.0152,0.0162,,,,0.01,0.03,0.018,28.08571429,1.514285714,7.6,19.27142857,5.728571429,3.985714286
2015-08-10,0.011,0.009,0.006,0,0,0,3.2,5.6,3.5,5675,5905,3210,3365,3940,2310,1585,1105,480,720,225,95,150,965,150,2.3,1.6,4.2,11.6,216.971,66.11,30.2,3.2,486,0.0186,0.0211,0.019,,,,0.024,0.012,0.019,28.92857143,1.6,10.67142857,24.21285714,2.942857143,5.528571429
2015-08-17,0.013,0.016,0.01,0.003,0.003,0,2.4,5.1,3.3,3430,14400,5930,2285,12150,4925,670,1310,570,155,60,120,500,700,1100,2.3,1.1,4.4,5.3,209.93,65.77,29.1,4.6,374,0.0179,0.014,0.0112,,,,0.013,0.026,0.018,26.51428571,1.257142857,4.742857143,16.32714286,6.142857143,3.671428571
2015-08-24,0.012,0.008,0.01,0.003,0.002,0.002,4,7.2,5,3060,6065,3635,2230,4500,2760,515,760,450,155,65,115,310,1785,600,1.3,0.8,3.7,11,206.067,65.38,28.3,6,532,0.0067,0,0.0044,,,,0.033,0.015,0.01,26,1.342857143,5.614285714,17.62285714,7.2,3.871428571
2015-08-31,0.011,0.012,0.011,0.003,0.004,0.003,4.9,9.4,5.4,3475,8830,3885,1795,6100,2460,825,1010,620,225,70,105,725,1750,550,1.5,0.8,3.9,37.6,178.512,65.37,27,6.8,288,0.0169,0.0042,0.0082,,,,0.008,0.018,0.012,23.81428571,1.6,7.714285714,18.44428571,5.5,3.114285714
2015-09-07,0.014,0.014,0.013,0.002,0.003,0.002,3.8,9.4,5.2,5100,5960,6533,3390,3433,3280,575,980,1300,120,160,320,500,1033,1080,1.7,1.6,3.3,18,144.55,65.29,25.8,9.3,1008,0.0123,0.0053,0.0126,,,,0.015,0.026,0.016,23.92857143,1.657142857,5.471428571,15.31571429,6.628571429,3.457142857
2015-09-16,0.015,0.015,0.016,0.004,0.004,0.003,3.1,10,5.2,2285,8010,3687,705,4590,1867,610,1660,1167,85,270,227,400,930,533,1.8,2.1,3.1,9.8,132.784,65.13,25.4,7.1,2294,0.0043,0,0.0129,,,,0.013,0.027,0.016,20.77142857,1.628571429,9.757142857,21.39,2.557142857,4.214285714
2015-09-21,0.018,0.021,0.012,0.006,0.006,0.006,4.4,10.3,10.6,4687,7067,10433,1933,1433,2900,1187,1847,3667,253,333,1360,733,867,633,1.7,1.7,4,0,132.655,64.91,23.9,14.2,942,0,0,0,,,,0.013,0.022,0.012,20.94285714,1.6,10.24285714,20.59428571,3.4,3.971428571
2015-10-05,0.018,0.028,0.018,0.008,0.011,0.007,4.2,10.4,5.2,7440,11670,7700,2320,4500,2870,1320,2090,1550,430,520,490,170,670,220,2.1,1.6,4.9,38.4,132.818,64.59,23.1,11.7,676,0.005,0,0.004,,,,0.011,0.024,0.028,19.4,1.985714286,7.228571429,15.76285714,4.585714286,3.471428571
2015-10-12,0.017,0.02,0.015,0.008,0.012,0.007,6,9.3,6.4,6350,9850,9780,2050,3630,3760,1120,1730,1600,220,190,270,650,930,1520,2.1,1.6,4.6,12.5,93.273,64.55,21.3,12.4,726,0.0394,0.0175,0.0377,,,,0.012,0.023,0.017,16.42857143,1.271428571,8.8,16.71142857,3.6,3.071428571
2015-10-19,0.016,0.017,0.012,0.022,0.037,0.015,5.8,12.4,8,7070,17850,11950,3700,10500,5900,1050,2740,2500,190,300,400,900,1100,700,1.9,1.8,3.8,0.9,69.687,64.52,20.9,15.8,732,0.0457,0.0215,0.0428,,,,0.004,0.006,0.003,15.9,1.057142857,9.057142857,16.59285714,1.471428571,2.485714286
2015-10-26,0.017,0.021,0.012,0.025,0.031,0.015,4.5,13.2,5.3,8800,33570,17430,5050,25060,10840,1640,2550,2350,160,240,190,900,1660,440,1.9,1.9,4.4,0.1,69.856,64.44,19.9,16.8,1358,0.0241,0.0123,0.0155,,,,0.014,0.022,0.019,16.85714286,1.185714286,7.142857143,12.85714286,1.842857143,2.085714286
2015-11-02,0.018,0.014,0.017,0.037,0.045,0.022,7.9,18.9,7.4,10060,40610,13200,6450,31300,8380,1460,3480,1260,140,140,140,1100,1000,780,1.8,1.8,3.9,23.4,69.586,64.44,18,10.1,410,0.0492,0.019,0.0433,,,,0.012,0.022,0.014,10.18571429,1.557142857,6.657142857,12.06428571,4.157142857,2.242857143
2015-11-09,0.02,0.026,0.012,0.028,0.038,0.016,6,9.5,6.4,8600,12390,9260,5500,7540,5910,1570,2650,1310,150,120,130,800,740,810,1.6,1.5,3.2,29.4,67.315,64.46,16.7,13.2,212,0.0381,0.0116,0.019,,,,0.011,0.02,0.013,12.15714286,1.414285714,5.3,9.351428571,4.985714286,1.042857143
2015-11-16,0.018,0.023,0.008,0.02,0.027,0.01,4.7,10.5,6.3,6900,13410,8990,3900,7480,5460,1490,3410,1850,140,70,90,0,280,560,1.6,1.6,2.9,27.4,58.999,64.84,16.1,11.8,332,0.0161,0.0055,0.0119,,,,0.018,0.013,0.014,12.68571429,1.257142857,2.4,6.251428571,7.657142857,0.885714286
2015-11-23,0.016,0.025,0.012,0.012,0.01,0.005,8,14.4,9.2,9520,14640,10630,5050,10350,7150,3220,2800,2760,50,100,90,350,650,550,1.8,2.1,3,15.9,58.156,65.27,14.4,17.3,374,0.075,0.0172,0.034,,,,0.01,0.019,0.011,11.55714286,1.385714286,1.228571429,4.494285714,8.414285714,0.685714286
2015-11-30,0.015,0.019,0.013,0.012,0.014,0.006,8.2,11.7,5,8240,18680,12160,5700,13700,8500,1820,3220,2190,50,50,110,300,1200,500,1.7,2,2.5,16.4,66.538,65.52,13.1,15.7,308,0.0477,0.0107,0.0358,,,,0.01,0.013,0.011,5.028571429,1.285714286,0.942857143,4.321428571,8.685714286,0.442857143
2015-12-07,0.009,0.006,0.008,0.004,0.004,0,5.8,8.7,5.3,9120,22700,12090,7000,19180,9550,1440,1960,1610,50,70,80,200,1280,650,1.6,2.1,1.8,7.5,66.218,65.68,12,5.3,58,0.102,0.021,0.0746,,,,0.023,0.012,0.01,4.2,1.371428571,3.471428571,6.298571429,6.5,0.971428571
2015-12-14,0.01,0.008,0.01,0,0,0,3.2,5.4,3.7,6790,20280,13160,5630,16100,11700,520,3030,850,30,170,50,300,300,500,1.4,2.3,1.5,14.3,66.214,65.9,11,6.4,250,0.181,0.0242,0.054,,,,0.015,0.014,0.011,5.957142857,1.071428571,5.314285714,8.105714286,5.185714286,0.885714286
2015-12-21,0.006,0.002,0.002,0,0,0,2.6,4.1,2.3,4810,16900,10520,3450,14800,8800,690,1010,860,60,110,70,400,300,200,1.6,2.8,1.8,9.3,69.013,66.12,9.5,4.5,176,0.19,0.0445,0.0236,,,,0.01,0.027,0.009,1.971428571,1.142857143,2.957142857,5.867142857,6.171428571,0.828571429
2015-12-28,0.007,0.002,0.004,0.002,0,0,2.2,5.8,3.1,7200,19720,7980,6000,17400,6300,560,1200,940,40,50,40,100,800,500,1.6,3,1.9,2.7,69.134,66.2,8.1,4.9,406,0.262,0.0194,0.123,,,,0.005,0.006,0.006,2.814285714,1.142857143,5.185714286,7.941428571,4.857142857,0.814285714
2016-01-04,0.004,0.001,0.002,0.006,0.003,0.002,1.7,3.6,1.8,5120,9490,9260,4100,8250,8100,500,590,550,20,60,70,200,100,300,1.7,3.5,1.8,0,28.515,66.23,7.9,3.4,108,0.233,0.0545,0.132,,,,0.015,0.019,0.016,1.9,1.071428571,6.557142857,9.447142857,4.114285714,0.8
2016-01-11,0.006,0.002,0.006,0.008,0.003,0.005,1.8,3.2,3.4,4310,13690,7330,3600,12100,6200,340,810,675,15,70,65,250,300,600,1.5,3.1,1.9,0,66.475,66.2,6.9,3.1,134,0.321,0.0507,0.258,,,,0.011,0.011,0.01,0.871428571,1.357142857,5.957142857,8.862857143,5.357142857,1.214285714
2016-01-18,0.003,0.002,0.002,0.003,0.004,0.003,2,3.8,2.6,9330,11230,6230,7800,9500,5300,620,780,420,100,110,70,400,0,600,1.3,2.2,1.4,3.9,66.132,66.16,6.3,2.7,26,0.078,0.065,0.051,,,,0.01,0.011,0.015,-0.6,1.085714286,6.057142857,9.26,4.3,0.485714286
2016-01-25,0.003,0.002,0.001,0,0.002,0,1.7,2.5,1.8,6600,9960,7530,5400,8700,6000,690,660,940,80,150,50,0,0,0,1.1,1.2,1.5,1,66.546,66.07,3.9,2.3,0,0.138,0.051,0.071,,,,0.012,0.018,0.029,-7.4,1.871428571,6.157142857,9.56,5.385714286,0.657142857
2016-02-01,0.002,0.001,0.002,0.002,0.003,0.002,2.8,2.7,2.4,4980,9310,8510,3600,7400,6900,810,810,810,90,120,190,200,200,100,1,1.2,1.4,5.3,68.283,65.99,4.9,3.6,0,0.069,0.0241,0.0456,,,,0.012,0.012,0.012,-0.757142857,1.1,5.071428571,8.94,5.6,0.971428571
2016-02-15,0.004,0.003,0.003,0,0.002,0.002,3.5,4.1,3.5,4240,5427,7593,2200,3000,5800,1067,1093,887,140,153,113,0,0,0,1,0.9,1.5,18.6,69.421,65.9,5,4.1,0,0.0393,0.0337,0.0316,,,,0.009,0.007,0.008,5.4,1.9,5.314285714,10.07857143,5.814285714,2.657142857
2016-02-22,0.003,0.003,0.002,0,0,0,2,2.6,2.8,3887,5780,3833,2113,3200,1967,913,1380,1247,200,150,167,0,0,0,0.9,0.6,1.7,0.9,66.442,65.99,5,3.8,0,0.0245,0.0057,0.0073,,,,0.011,0.01,0.007,1.085714286,1.785714286,7.314285714,12.90571429,4.214285714,1.3
2016-03-02,0.002,0.002,0.002,0,0,0,3.5,4,3.2,4260,6190,5633,1800,3400,2867,1560,1680,1780,175,430,207,0,0,0,0.9,0.7,1.5,13.1,66.251,65.98,5.1,4.2,0,0.0218,0.0213,0.0398,,,,0.006,0.008,0.007,2.042857143,1.342857143,5.028571429,11.63285714,5.8,1.6
2016-03-07,0.002,0.002,0.002,0,0,0,2.4,3.9,3.8,4770,7210,6910,2350,4050,3250,1710,2110,2910,290,380,470,0,150,0,1.1,1.1,2,42.1,66.254,66.7,7.1,5.8,0,0.065,0.0162,0.0494,,,,0.009,0.007,0.007,5.514285714,1.628571429,6.314285714,13.80571429,4.5,1.657142857
2016-03-14,0.003,0.002,0.002,0,0,0,3,4.7,4.1,4120,8630,5600,1567,4750,2950,1787,2420,1750,553,630,470,0,0,0,1.1,1.6,1.7,0,64.11,67.25,6,4.2,0,0.0415,0.0174,0.0139,,,,0.009,0.015,0.013,3.428571429,1.542857143,6.214285714,15.39714286,4.814285714,2.314285714
2016-03-21,0.003,0.002,0.002,0,0,0,2.6,4.4,3.5,4247,5473,3647,1733,2533,1500,1327,1527,1193,467,267,320,0,0,0,0.9,0.6,1.7,5.4,64.974,67.35,9.3,3.8,0,0.094,0.0292,0.0403,,,,0.008,0.01,0.01,8.771428571,1.157142857,7.2,16.78142857,4.2,2.257142857
2016-03-28,0.004,0.002,0.002,0,0,0,2,3.7,2.9,2565,3813,4547,700,1200,2067,1270,1560,1513,440,487,607,0,0,0,1,0.6,2,0,66.348,67.34,9.3,2.8,0,0.0321,0.0175,0.0198,,,,0.007,0.008,0.008,7.785714286,1.557142857,10.27142857,21.43142857,2.1,3.214285714
2016-04-04,0.003,0.003,0.002,0,0,0,2.2,3.3,3.8,2715,6020,5430,725,2900,2550,1075,1670,1510,450,770,720,0,0,0,1.1,0.7,2.5,5.5,66.506,67.29,8.8,4.5,0,0,0.0047,0.0061,,,,0.009,0.01,0.007,13.45714286,1.514285714,8.185714286,19.03571429,3.714285714,4.057142857
2016-04-11,0.003,0.003,0.003,0,0,0,3.6,5.1,4.2,3660,6680,6510,850,2650,2900,1390,2560,2040,900,1290,1180,0,0,0,1.2,0.7,2.3,39.4,66.614,67.98,9.1,4.4,0,0.0133,0,0.0052,,,,0.012,0.009,0.011,14.3,1.785714286,7.614285714,20.08285714,5.714285714,3.314285714
2016-04-18,0.003,0.002,0.002,0,0,0,3.9,5,3.9,3527,3900,4560,1067,1400,2400,1440,1153,1220,693,440,560,0,667,0,1.9,2.6,3.3,40.4,67.844,68.52,12.1,5.1,0,0.038,0.0192,0.0322,,,,0.01,0.01,0.009,14.34285714,2.028571429,7.714285714,18.97857143,4.971428571,3.214285714
2016-04-25,0.005,0.003,0.003,0,0,0,5.3,4.7,4.4,5010,2940,3940,3400,800,2250,990,1330,960,380,370,490,0,0,0,2.4,4.1,2.9,32,66.504,69.76,14.7,4.5,0,0.0046,0.0215,0.0117,,,,0.022,0.013,0.016,14.3,1.385714286,6.385714286,19.32142857,5.771428571,3.614285714
2016-05-02,0.003,0.003,0.003,0,0,0,2.6,3.5,5.3,3240,4193,2553,1536,1733,800,980,1560,1087,613,593,473,0,200,0,1.6,1.5,3.4,23.2,74.381,70.28,14.4,6.9,0,0.0348,0.0176,0.0235,,,,0.014,0.013,0.011,16.71428571,1.885714286,8.314285714,22.03285714,3.842857143,4.542857143
2016-05-09,0.003,0.004,0.003,0,0,0,3.6,9.8,5.6,2567,7930,4910,733,4200,1900,1040,2860,2170,627,770,580,0,200,0,1.9,1,2.5,16,248.885,70.21,16.1,8.8,0,0.0417,0.0315,0.0292,,,,0.008,0.008,0.01,18.21428571,2.057142857,8.328571429,22.09428571,5.271428571,4.257142857
2016-05-16,0.005,0.005,0.004,0,0.002,0.003,4.6,8.4,6.5,5750,12940,4810,2500,8130,2600,2120,3260,1440,820,740,500,0,630,0,1.4,1.1,2.9,29.8,270.998,70.06,17,7.4,0,0.0312,0.0133,0.0076,,,,0.008,0.022,0.012,18.21428571,1.728571429,7.871428571,21.77857143,5.828571429,3.628571429
2016-05-23,0.003,0.005,0.003,0,0.002,0,2.8,3.7,3.4,2760,3200,3890,1350,400,2300,870,2160,1100,455,90,250,0,0,0,1.2,0.7,2.5,7.7,398.221,69.46,19.9,3.3,0,0.0093,0.0044,0.0058,,,,0.004,0.016,0.009,21.17142857,1.8,12.74285714,31.02428571,2.214285714,5.942857143
2016-05-30,0.002,0.001,0.001,0,0,0,2.5,4,2.8,945,1270,1120,375,100,450,345,845,405,200,45,90,0,0,0,1.4,4,3.5,15.8,419.731,68.82,20.5,3.2,0,0.0215,0.0046,0.0091,,,,0.005,0.014,0.009,21.12857143,1.285714286,7.385714286,21.58428571,5.614285714,4.171428571
2016-06-07,0.004,0.003,0.002,0,0,0,2.6,4.8,3.1,1430,6250,1825,350,1300,650,670,3930,680,190,90,165,0,0,0,1.6,0.8,4.9,0.1,417.007,68.04,21.9,6.7,0,0.0161,0,0.0147,,,,0.005,0.01,0.007,22.12857143,1.614285714,9.8,25.58714286,2.957142857,5.014285714
2016-06-13,0.004,0.003,0.002,0.002,0.002,0,2.4,4.8,3.8,2175,2540,2240,800,1125,850,890,940,1075,170,15,60,0,175,50,1.6,0.7,4.7,3.7,413.136,67.26,23.2,4.7,0,0.0112,0.0052,0.0113,,,,0.006,0.015,0.009,23.55714286,1.485714286,5.757142857,19.87857143,6.785714286,3.957142857
2016-06-20,0.004,0.003,0.002,0.003,0.002,0.002,2.8,7,3.9,2090,4150,4120,1050,1900,2367,815,1090,1307,55,70,40,0,700,0,1.7,0.7,5.6,11.2,382.408,66.6,24.6,6.6,0,0.0131,0.0123,0.0115,,,,0.008,0.014,0.012,23.84285714,1.657142857,8.371428571,23.21714286,4.714285714,4.942857143
2016-06-27,0.003,0.002,0.002,0.003,0,0,3.2,4,3.6,5067,2480,8267,3900,1200,6400,833,860,1567,47,47,153,0,67,0,1.8,0.8,5.8,32.6,345.896,66.09,25.1,7.5,0,0.0057,0.0052,0.0091,,,,0.008,0.02,0.011,24.41428571,1.742857143,8.085714286,21.42285714,5.842857143,4.814285714
2016-07-04,0.003,0.003,0.002,0.003,0,0,3.8,5,3.5,6820,3540,4960,5200,1267,3093,920,413,1053,70,20,73,100,800,27,2.2,2.8,8.9,108.5,293.432,68.11,25,5.7,0,0.0292,0.0289,0.0305,,,,0.006,0.02,0.013,24.25714286,1.514285714,3.642857143,14.08571429,7.785714286,3.271428571
2016-07-11,0.004,0.003,0.002,0.003,0.006,0.004,2.1,1.6,1.9,3520,5207,2045,2733,4667,1400,593,413,415,27,27,40,0,0,0,9.6,19.8,11.9,220.8,1016.088,75.16,24.2,3.4,0,0.0217,0.0114,0.0378,,,,0.025,0.066,0.038,25.64285714,1.342857143,5.771428571,18.14714286,7.214285714,4.714285714
2016-07-18,0,0.001,0,0,0,0,1.2,1.8,1.2,1675,1575,1190,750,815,450,575,355,250,10,15,30,50,65,0,17.7,34.9,13.2,18.6,1272.02,73.87,23.1,6.7,180,0.0222,0.0112,0.0278,,,,0.047,0.034,0.04,25.21428571,1.742857143,4.114285714,15.95,7.885714286,4.371428571
2016-07-25,0.001,0.004,0.002,0,0.002,0,1.2,5.5,3.6,805,5570,4930,250,1830,1400,230,340,420,35,20,40,0,230,500,13.8,30.1,7.3,1.1,1016.527,72.73,24.9,15.1,8170,0.0349,0.0418,0.0478,,,,0.072,0.047,0.056,27.54285714,2.028571429,9.957142857,24.07428571,5.185714286,6.485714286
2016-08-01,0.001,0.002,0.001,0,0.004,0,1.3,6.4,5,2250,19910,15670,535,5440,3700,500,410,600,20,60,60,135,3090,1100,11.4,27.9,7.6,9.1,370.01,72.23,25.1,8.7,7724,0.0311,0.0189,0.0053,,,,0.07,0.034,0.056,29,1.471428571,8.514285714,20.22285714,5.971428571,5.585714286
2016-08-08,0.002,0.002,0.002,0,0.007,0.002,1.1,4.6,2.8,1605,7375,2050,800,5700,1250,230,135,145,20,15,15,300,3600,650,9.6,23.4,3.5,20.9,307.286,71.83,26.2,7.8,5282,0.046,0.05,0.0411,,,,0.066,0.028,0.036,29.04285714,1.071428571,8.242857143,21.20142857,4.657142857,5.914285714
2016-08-16,0.005,0.003,0.004,0,0.012,0.006,3.5,4.8,3.7,3215,9090,2930,600,6700,1150,1930,330,1100,35,30,30,200,2400,1100,8,23,5,6.3,225.116,71.47,27,9.8,8630,0.0217,0.0308,0.0153,,,,0.062,0.024,0.043,29.67142857,1.157142857,11.07142857,24.66571429,2.271428571,7.028571429
2016-08-22,0.007,0.004,0.005,0,0.012,0.005,2.2,5.4,3.3,2285,14700,9140,550,12900,7200,1350,770,580,15,10,20,200,1800,2600,7.1,33.4,6.3,1.5,219.069,71.03,27.1,9.2,6466,0.065,0.072,0.0373,,,,0.056,0.022,0.035,30.08571429,1.514285714,9.114285714,22.63714286,5.428571429,6.985714286
2016-08-29,0.005,0.004,0.004,0,0.012,0.005,1.3,6.6,3.3,770,19800,4160,300,16400,2100,310,970,670,30,30,40,0,100,0,6.1,19.1,4.4,18.9,259.436,70.53,25.5,13.5,2542,0.083,0.067,0.106,,,,0.05,0.026,0.04,25.87142857,1.7,6.2,16.21,5.928571429,4.942857143
2016-09-05,0.005,0.003,0.003,0,0.009,0.004,3.8,27.6,16,2905,18930,5890,550,9100,2600,450,1410,1060,15,20,10,0,0,0,5.6,13.8,5.2,27.6,213.415,70.27,25.1,27.5,8496,0.069,0.0347,0.0176,,,,0.047,0.025,0.036,23.2,2.157142857,5.242857143,14.61428571,6.8,4.214285714
2016-09-12,0.008,0.004,0.004,0,0.009,0.005,2.1,11.1,7.7,1335,13720,6020,550,8600,3100,300,1110,730,10,30,30,0,3100,300,4.9,12.3,3.6,10.8,200.221,69.97,25.5,16.7,8540,0.12,0.091,0.0483,,,,0.042,0.027,0.033,24.08571429,1,5.128571429,15.05714286,6.357142857,3.857142857
2016-09-17,0.01,0.003,0.004,0,0.007,0.004,1.2,8.8,5.2,1755,25080,14180,600,14260,10940,265,1290,670,5,20,20,0,1000,0,3.8,10.6,3.2,111,181.851,70.74,24.3,16.1,5638,0.103,0.0461,0.0488,,,,0.027,0.014,0.012,22.42857143,1.242857143,4.228571429,12.59714286,7.485714286,3.242857143
2016-09-26,0.005,0.002,0.005,0,0.004,0.003,1.5,5.4,2.8,2325,11420,8570,600,7700,5880,325,920,680,10,10,20,0,1700,1800,3.3,9.3,2.8,0.1,200.787,70.91,24,7.7,8418,0.078,0.073,0.0347,,,,0.033,0.03,0.03,20.31428571,1.2,6.971428571,16.71714286,4.285714286,4.142857143
2016-10-04,0.012,0.002,0.004,0.002,0.002,0.002,1.5,6.2,3.2,1645,11490,11600,550,8720,10100,520,850,400,5,20,10,200,2000,1700,2.8,9,2.4,23.9,177.431,70.88,23.8,10.5,3862,0.098,0.0421,0.0227,,,,0.036,0.028,0.033,20.47142857,1.242857143,1.5,8.251428571,8.542857143,2.071428571
2016-10-10,0.012,0.003,0.008,0.003,0.003,0.004,1.8,7.5,3.2,2335,14590,8230,470,11700,7000,525,1060,690,15,30,10,150,600,2600,2.3,7.8,2.1,99,121.46,72.68,22.3,7.1,3898,0.057,0.0246,0.0119,,,,0.033,0.02,0.02,18.68571429,1.9,6.971428571,14.66571429,4.828571429,3.814285714
2016-10-17,0.012,0.002,0.005,0.002,0.002,0.002,2,5.6,2.6,2050,7570,3705,650,5500,2920,790,1060,450,15,20,5,0,900,0,1.8,6.4,1.9,12.6,119.914,73.02,21.4,6.8,3448,0.298,0.0306,0.057,,,,0.034,0.032,0.027,15.05714286,0.828571429,6.085714286,13.19857143,5.728571429,3.028571429
2016-10-24,0.014,0.003,0.006,0.003,0,0.002,1.8,5.6,3.1,2880,3790,2705,925,1980,1600,790,1095,560,5,5,10,75,0,0,1.1,4.9,8,2.3,121.007,73.06,20.5,7,860,0.137,0.0434,0.067,,,,0.039,0.023,0.027,16.7,1.685714286,4.257142857,10.37857143,6.671428571,2.714285714
2016-11-01,0.009,0.002,0.004,0.003,0,0.002,1.5,9.3,3.5,1540,3720,4195,520,2125,2800,645,1090,840,5,5,10,0,0,0,1.2,2.7,1.8,19.8,121.082,73.08,18.9,5.7,180,0.0373,0.0052,0.014,,,,0.031,0.022,0.023,12.51428571,1.4,3.942857143,9.577142857,6.871428571,2.214285714
2016-11-07,0.009,0.002,0.004,0.002,0,0,2.4,4.6,3,3685,3595,3995,2600,2620,2940,545,645,795,10,0,5,0,500,1250,1.1,1.4,1.7,0,121.164,73.02,17.7,5.9,0,0.091,0.052,0.049,,,,0.025,0.014,0.015,8.7,1.442857143,6.7,11.08857143,4.342857143,2.5
2016-11-14,0.005,0.002,0.003,0.002,0,0,3.8,7.2,4.6,4105,7120,2820,2100,4100,1275,1435,1360,560,10,10,15,50,2700,200,0.9,1.8,1.6,10.5,121.112,72.95,16.8,7.8,0,0.097,0.0257,0.0354,,,,0.022,0.026,0.02,8.885714286,1.385714286,5.542857143,10.30285714,4.928571429,2.214285714
2016-11-21,0.005,0.001,0.002,0,0,0,2.8,14.4,7.2,2720,6480,3175,270,700,950,1875,4160,1575,5,30,10,0,200,0,1,1.8,1.6,9.8,138.682,72.84,15.7,15.2,0,0.0385,0.0072,0.0144,,,,0.018,0.012,0.01,10.07142857,0.957142857,6.257142857,9.655714286,4.528571429,2.085714286
2016-11-28,0.004,0,0,0,0,0,10.6,15.8,10.6,5260,7930,6060,300,2300,1000,4320,4740,4250,30,10,10,100,300,0,0.9,1.9,1.6,5,145.616,72.7,13.8,15.9,0,0.085,0.0205,0.0468,,,,0.01,0.013,0.011,2.685714286,1.128571429,4.5,7.392857143,5.971428571,1.485714286
2016-12-05,0.004,0.002,0.002,0,0,0,11.5,20.2,19,4467,4933,6280,267,133,867,3767,4213,5047,7,33,33,667,0,0,0.9,2,1.3,2.1,146.073,72.55,12.8,16.6,0,0.045,0.0163,0.0323,,,,0.007,0.011,0.008,3.557142857,1.1,5.985714286,9.484285714,3.528571429,1.828571429
2016-12-12,0.006,0.002,0.002,0,0,0,8.5,12.8,9.6,2807,4620,5127,67,400,467,2307,3740,4287,13,13,7,0,133,333,0.8,1.6,1.1,3.5,128.133,72.43,11.5,10.3,0,0.079,0.0213,0.0383,,,,0.008,0.008,0.008,2.828571429,1.342857143,6.542857143,9.381428571,3.471428571,1.857142857
2016-12-19,0.004,0.002,0.002,0,0,0,4,4.2,3.5,2240,2987,3060,267,200,133,1687,2447,2620,33,7,20,200,133,0,0.8,1.4,1,0,121.06,72.29,10.6,5.5,38,0.066,0.0146,0.0375,,,,0.008,0.012,0.007,1.828571429,1.185714286,5.357142857,8.367142857,4.657142857,1.542857143
2016-12-26,0.004,0.001,0.002,0,0,0,1.8,2.5,1.9,1495,1665,1400,300,250,50,1030,1150,1070,15,10,10,200,100,0,1.3,1.5,1.1,25.6,121.134,72.34,9.5,3,0,0.137,0.0272,0.121,,,,0.01,0.011,0.01,4.714285714,1.342857143,2.614285714,5.41,7.485714286,1.057142857
2017-01-03,0.003,0.002,0.002,0,0,0,1.2,2.2,1.4,1010,925,1185,50,30,50,715,600,890,10,10,15,0,30,0,1.2,1.5,0.9,0,34.634,72.43,8.9,1.6,0,0.108,0.0449,0.103,0,0,0,0.009,0.009,0,0.242857143,1.157142857,5.7,8.755714286,4.814285714,1.4
2017-01-09,0.002,0.001,0.002,0,0,0,1.2,2.2,1.7,1055,1620,1505,50,0,400,755,1345,875,5,20,5,0,0,300,1.2,1.3,0.8,0.1,121.796,72.38,8.7,1.8,0,0.14,0.0321,0.068,0.012,0,0,0.005,0.008,0.007,5.185714286,1.442857143,5.2,8.845714286,5.214285714,1.9
2017-01-16,0.002,0.001,0,0,0,0,0.8,2.6,1.6,1005,2705,1510,250,250,150,525,2095,1155,10,5,5,0,100,0,1.2,1.4,0.7,0.2,121.046,72.28,7.1,2,0,0.341,0.0313,0.175,0.222,0.006,0.09,0.009,0.014,0.009,-2.171428571,1.914285714,6.414285714,9.425714286,2.928571429,1.557142857
2017-01-23,0.001,0,0,0,0,0,0.9,2.9,1.6,1010,2330,1410,100,600,50,685,1360,1125,5,10,15,0,0,0,1.1,1.2,0.7,3.4,121.387,72.15,6.1,1.8,0,0.1605,0.096,0.0965,0.035,0,0.012,0.012,0.011,0.01,-2.414285714,1.3,5.3,9.061428571,5.114285714,1.328571429
2017-01-31,0.002,0.002,0.001,0,0,0,1.2,1.8,2,1305,1480,1295,50,200,150,835,905,830,5,10,5,0,0,0,1,0.9,0.7,7.6,120.695,72.04,5.9,1.6,0,0.0822,0.058,0.0942,0.006,0,0.007,0.008,0.017,0.007,-1.957142857,1.314285714,7.342857143,12.63571429,3.528571429,1.857142857
2017-02-07,0,0,0,0,0,0,1.6,2.1,2.2,1070,1635,1110,0,0,0,730,1180,770,15,15,5,0,0,0,1,0.8,0.7,2.3,122.856,71.91,5.7,1.6,0,0.0878,0.0578,0.0574,0.004,0,0,0.006,0.01,0.007,-0.328571429,1.342857143,6.342857143,11.75714286,4.342857143,2
2017-02-13,0.001,0.001,0.002,0,0,0,1.7,2,2.1,1305,1305,1380,50,0,100,870,935,1050,5,15,15,0,0,0,0.8,0.7,0.7,0.3,123.122,71.77,5.1,1.9,0,0.0756,0.0441,0.0636,0.005,0,0,0.003,0.004,0,-1.585714286,1.914285714,7.528571429,13.20142857,4.371428571,2.171428571
2017-02-20,0.003,0.002,0.002,0,0,0,1.5,2.1,2.3,1020,1640,1175,50,0,100,650,1275,790,15,25,30,50,0,100,0.8,0.6,0.7,24.9,123.046,71.7,5.6,2.1,0,0.06,0.0478,0.0538,0,0,0,0.008,0.005,0.008,2.585714286,1.457142857,7.842857143,14.87571429,3.571428571,2.742857143
2017-02-27,0,0,0,0,0,0,1.8,2.6,2.4,860,1215,1345,0,150,0,705,860,1175,10,15,15,0,150,0,0.9,0.6,0.8,18.8,123.329,72.07,5.9,2.5,120,0.0508,0.0287,0.046,0.004,0,0,0.005,0.006,0.006,1.928571429,1.671428571,8.057142857,15.6,3.4,2.757142857
2017-03-07,0.002,0.002,0.001,0,0,0,2.4,3.6,2.8,1260,1485,795,50,0,0,1030,1165,635,30,65,25,50,0,0,0.9,0.6,0.9,3.4,123.074,72.09,6.1,2.3,0,0.0418,0.0185,0.0275,0,0,0,0.006,0.01,0.008,5.028571429,1.314285714,8.428571429,16.94142857,3.8,3.457142857
2017-03-13,0,0.001,0,0,0,0,1.6,2.4,2,1035,1260,835,0,0,0,870,925,655,20,50,10,0,0,0,0.9,1,1,1.1,123.245,72.03,6.3,2.3,0,0.0247,0.0169,0.0139,0,0,0,0.006,0.007,0.008,4.271428571,1.971428571,9.828571429,19.31,2.814285714,3.957142857
2017-03-20,0,0,0,0,0,0,1.1,2.7,2,1120,2085,2450,100,0,850,810,1685,1360,25,50,35,100,0,450,0.9,1.4,0.9,1,123.411,71.92,6.5,2.4,0,0.041,0.0282,0.0284,0.01,0,0,0.008,0.008,0.009,7.457142857,1.385714286,10.04285714,21.00571429,1.957142857,5.014285714
2017-03-27,0.002,0,0,0,0,0,1.6,2.7,2.2,1320,1865,1690,0,0,0,925,1185,1110,10,75,60,0,0,0,1,1.4,1.2,11.3,123.257,71.82,8.1,2.3,36,0.0493,0.0284,0.056,0.013,0,0,0.006,0.007,0.005,8.257142857,1.528571429,5.171428571,14.75285714,6.571428571,3.385714286
2017-04-04,0.001,0.001,0.001,0,0,0,2.5,3.2,2.2,790,1595,1245,0,225,0,680,815,925,55,60,60,0,0,0,0.9,1.4,1.2,8.9,130.72,71.79,7.8,1.9,130,0.071,0.0315,0.0445,0.0215,0,0.0056,0.005,0.006,0.006,9.085714286,1.471428571,7.471428571,17.61285714,4.914285714,3.814285714
2017-04-10,0.001,0.001,0,0,0,0,1.6,2.7,2.1,1220,1450,1360,0,150,150,815,675,810,40,35,50,0,150,150,0.9,1.4,1,15.6,136.519,71.87,10.2,1.8,0,0.057,0.0185,0.038,0.023,0,0,0.005,0.014,0.007,14.3,1.771428571,7.357142857,18.63,5.857142857,4.871428571
2017-04-17,0.001,0.001,0.001,0,0,0,1.9,2.1,1.9,825,880,990,25,0,50,415,505,635,20,35,20,25,0,50,1.1,1.4,1.3,32.4,131.865,71.96,11.2,1.7,22,0.0588,0.0201,0.057,0.004,0,0,0.006,0.01,0.01,15.35714286,2.371428571,10.35714286,24.14285714,3.742857143,6.771428571
2017-04-24,0.002,0.001,0.001,0,0,0,1.6,2,1.5,690,1245,575,0,400,0,395,320,280,30,15,25,0,350,0,1,1.5,1.1,4.8,135.967,72.09,12.7,1.9,0,0.0379,0.0158,0.029,0,0,0,0.006,0.008,0.006,13.45714286,1.485714286,7.371428571,18.15,4.357142857,4.5
2017-05-02,0.001,0.001,0,0,0,0,1,2.6,2,595,2725,1315,0,1600,550,210,765,550,10,20,15,0,0,0,1.1,1.5,1.7,3.4,148.745,71.95,14.3,3.2,0,0.0093,0.0373,0.0212,0,0,0,0.006,0.006,0.006,16.52857143,2.128571429,10.61428571,26.25714286,2.814285714,7.471428571
2017-05-10,0.001,0.002,0.001,0,0,0,1.4,4.1,2.7,500,1830,725,0,50,0,335,610,370,15,5,15,0,0,0,1.2,1.5,1.7,2.3,226.075,71.57,14.2,3.2,0,0.0328,0.0198,0.0357,0,0,0,0.006,0.007,0.008,19.88571429,1.828571429,10.68571429,26.21428571,3.042857143,7.671428571
2017-05-15,0.002,0.002,0.002,0,0,0,1.3,4.6,3.1,560,2240,840,0,0,50,305,1370,325,20,5,25,0,0,0,1.3,1.6,2.2,13.6,226.103,71.21,16.6,3.4,34,0.0524,0.0182,0.0472,0,0,0,0.007,0.03,0.015,17.55714286,1.957142857,5.528571429,17.32,6.528571429,4.542857143
2017-05-22,0.002,0.003,0.001,0,0,0,2.4,7.6,4.1,660,6130,2255,0,2400,350,240,3460,1520,25,10,25,0,100,0,1.2,1.4,2,0,226.565,70.77,17.8,3.1,0,0.027,0.0171,0.0208,0,0,0,0.007,0.008,0.006,19.42857143,1.614285714,11.82857143,27.31857143,2.542857143,7.285714286
2017-05-29,0.003,0.003,0.002,0,0,0,1.7,6.7,4.1,360,2765,2145,0,300,100,180,2140,1775,15,20,15,0,300,100,1.2,1.5,2.3,4.8,226.272,70.32,18.8,3.7,0,0.0384,0.0186,0.021,0,0,0,0.007,0.013,0.007,20.17142857,1.7,11.3,27.75285714,2.371428571,7.728571429
2017-06-07,0.002,0.003,0.002,0,0,0,2.3,10.9,6.4,13005,158080,91090,12500,154900,89800,300,2650,990,15,40,30,0,0,0,1.5,1.5,2.8,0.6,331.758,69.64,20.4,6.7,0,0.015,0.018,0.015,0,0,0,0,0.014,0,21.87142857,1.857142857,10.95714286,27.04571429,3.385714286,7.814285714
2017-06-12,0.002,0.004,0.002,0,0,0,2.6,7.8,5.5,7085,124610,51900,6700,121040,50700,260,3220,800,10,30,20,0,40,0,1.8,1.6,3.8,7.7,374.015,68.91,21.4,11,0,0.02,0.03,0.022,0,0,0,0.006,0.013,0.007,20.9,2.128571429,7.457142857,21.11571429,6.428571429,6.085714286
2017-06-19,0.002,0.002,0.002,0,0,0,3.9,14.7,6.7,72480,197790,105420,71900,194700,103500,320,2670,1140,10,30,10,300,0,0,1.8,1.7,3.9,4.2,307.665,68.26,22.4,13.4,48,0.0314,0.0409,0.0329,0.0024,0.0022,0,0.006,0.012,0.009,23.45714286,1.857142857,12.01428571,28.65857143,1.9,8.114285714
2017-06-26,0.002,0.001,0.001,0,0,0,5.6,6.1,4.9,108420,67420,53170,107600,66000,51600,530,1000,1320,10,30,50,0,0,0,1.5,1.7,3.6,14.2,285.876,67.64,23.4,4.8,0,0.041,0.109,0.045,0.0052,0.0044,0.0036,0.004,0.014,0.008,25.5,1.342857143,8.714285714,23.29428571,5.657142857,6.885714286
2017-07-03,0.004,0.002,0.002,0,0,0,4,4.9,4.4,47010,2975,31480,46000,1150,30400,680,1285,880,10,20,50,0,500,0,2.6,3,5.1,118.2,293.331,68.41,25.5,2.9,0,0.052,0.045,0.046,0.0058,0.0047,0.004,0.01,0.021,0.011,25.22857143,1.385714286,4.271428571,16.29571429,8.114285714,4.271428571
2017-07-10,0.004,0.002,0.003,0,0,0,8.9,8.2,8.5,6105,1665,3590,5350,670,2800,495,830,570,40,10,35,0,0,0,7.2,9.2,10.5,84.5,114.795,70.12,26.3,6.3,0,0.023,0.055,0.032,0.0022,0,0.0022,0.019,0.026,0.017,26.35714286,1.442857143,4.185714286,14.37,8.285714286,3.742857143
2017-07-17,0.006,0.002,0.002,0,0,0,2.9,2.1,4.8,8440,950,5705,6150,100,3550,2030,580,1955,15,15,20,0,0,0,5.3,5.5,9.1,61.5,121.608,71.41,26.3,2.1,0,0.051,0.032,0.076,0.0105,0.004,0.0029,0.014,0.024,0.012,26.9,1.642857143,4.9,16.90857143,7.128571429,4.471428571
2017-07-24,0.002,0.008,0.003,0.002,0.003,0.002,1.9,1.9,1.5,1830,470,840,1350,0,500,155,390,230,0,10,5,0,0,0,2.6,2.4,6.5,11.6,146.746,71.81,26.6,2.4,980,0.048,0.053,0.046,0.0162,0.0506,0.0058,0.012,0.034,0.027,28.07142857,1.6,4.571428571,15.73857143,6.914285714,4.185714286
2017-08-01,0.002,0.005,0.002,0,0,0,3.6,3.2,3.6,2240,1855,2495,450,1440,850,1525,360,1120,5,5,15,100,250,200,2.1,2.4,3.9,67.5,126.851,72.45,26.5,3.7,1960,0.04,0.042,0.023,0.0027,0.0101,0.0023,0.008,0.018,0.012,28.07142857,2.157142857,7.171428571,20.10428571,6.328571429,5.485714286
2017-08-07,0.002,0.005,0.002,0,0.003,0,1.5,4.2,2.7,2445,4800,2595,1975,4165,1895,310,425,590,5,15,10,600,810,350,2.1,2.9,3.5,28.6,155.267,72.86,27.8,4.2,2660,0.053,0.052,0.059,0.022,0.0244,0.0059,0.015,0.026,0.019,28.94285714,1.671428571,9.114285714,21.73428571,4.528571429,6.014285714
2017-08-14,0.002,0.004,0.003,0,0.005,0,2.2,4.6,2.6,1080,3010,2035,400,2020,1730,440,440,195,5,10,5,0,600,200,1.5,2.2,3.1,86.4,145.249,74.12,27.2,6,5224,0.08,0.092,0.038,0.0318,0.0294,0.0077,0.009,0.012,0.009,26.72857143,1.371428571,4.585714286,16.07571429,7.014285714,4.3
2017-08-21,0.001,0.004,0.002,0,0,0,1.6,3.8,1.9,1140,3195,2700,595,2510,2250,290,460,210,15,10,5,50,885,840,1.6,2.4,3.3,76.5,872.905,74.74,26.9,5,9540,0.056,0.089,0.052,0.0136,0.0173,0.0037,0.008,0.014,0.012,24.72857143,1.757142857,3.242857143,12.51571429,8.228571429,3.171428571
2017-08-28,0.001,0.002,0,0,0.006,0.002,1.9,3.2,2.1,685,2815,2555,190,2260,2080,270,410,315,5,10,5,100,300,10,1.6,2.7,3,49.6,1544.454,74.13,26.6,7.3,918,0.058,0.06,0.051,0.0046,0.0194,0.0028,0.005,0.011,0.008,25.98571429,1.385714286,7.142857143,18.87857143,6.257142857,5.028571429
2017-09-04,0.004,0.005,0.004,0.002,0.008,0.003,1.5,8.9,4,955,7600,6430,510,4910,5300,390,2220,1045,10,40,15,175,1990,2020,2.2,2.2,4.5,4.3,555.123,73.98,26.3,8.5,4724,0.044,0.06,0.046,0.0131,0.012,0.0035,0.018,0.016,0.019,21.58571429,1.357142857,8.528571429,21.03285714,4.171428571,5.457142857
2017-09-11,0.006,0,0.004,0.002,0.007,0.003,4.2,10.2,5.4,1680,10310,1875,825,7950,875,755,1800,830,5,10,10,250,3100,175,1.9,2.3,4.2,62.4,138.886,74.38,25.6,9.3,1242,0.056,0.045,0.032,0.0109,0.0043,0.0026,0.021,0.025,0.022,22.02857143,0.942857143,3.671428571,13.63857143,6.871428571,3.4
2017-09-18,0.007,0,0,0.002,0.006,0.003,4.2,12.1,7,1950,5890,3085,650,2700,1710,955,2710,1710,10,10,15,400,2100,1175,1.9,1.9,3.8,0,138.646,74.67,25.1,7.6,1444,0.044,0.025,0.034,0.0055,0,0.002,0.039,0.027,0.022,21.1,1.928571429,7.928571429,18.70714286,4.057142857,5.128571429
2017-09-25,0.004,0,0.001,0,0.005,0.002,3.6,7.5,4.5,705,4550,2425,185,2280,1160,330,1660,990,5,10,10,50,700,200,1.5,1.6,3.9,1,138.779,74.6,24.7,9.2,1618,0.045,0.034,0.05,0.0036,0.0022,0.0022,0.023,0.012,0.021,20.82857143,1.314285714,8.628571429,18.80571429,3.557142857,4.514285714
2017-10-10,0.008,0.001,0.002,0.004,0.003,0.002,9.5,21.4,13.7,4310,9830,4770,990,4110,1780,2980,5220,2810,10,20,10,500,2250,900,1.3,1.6,1.4,3.4,128.882,74.75,23.5,9,604,0.057,0.025,0.045,0.0038,0,0,0.017,0.02,0.021,18.6,1.242857143,5.028571429,13.19285714,6.271428571,3.242857143
2017-10-16,0.005,0,0.002,0.004,0.004,0.003,8.3,26.7,15.2,4240,11140,6280,960,2910,3160,2960,7370,2760,10,40,10,400,200,1000,1.3,1.9,1.5,15.8,128.837,74.72,22,9,392,0.074,0.02,0.047,0.003,0,0,0.017,0.021,0.017,16.22857143,1.142857143,4.7,11.43714286,6.385714286,2.771428571
2017-10-23,0.003,0,0.002,0.003,0.003,0.003,11.8,9.2,6.41,7110,7750,5470,1200,3950,2420,4710,3280,2650,20,0,10,450,1200,400,1.2,1.7,1.5,0,177.311,74.53,21,9,1768,0.378,0.023,0.041,0.003,0,0,0.017,0.021,0.017,15.94285714,1.542857143,7.3,14.26,4,3.657142857
2017-10-30,0.013,0.008,0.003,0.004,0.003,0.002,4,5.3,4.1,2000,5245,3720,640,3835,2840,940,1000,770,10,10,5,200,500,75,1,1.7,1.1,0,213.12,74.27,19.8,6.3,660,0.13,0.016,0.043,0.0028,0,0,0.035,0.017,0.018,13.14285714,1.142857143,7.485714286,13.85285714,2.871428571,3.157142857
2017-11-06,0.015,0.003,0.005,0.004,0,0.002,3.7,5.6,8.9,1735,2630,1525,605,1350,750,785,715,455,10,10,10,150,350,0,0.9,1.5,1.1,0.2,146.091,74.1,18.7,7.6,496,0.059,0.008,0.028,0.0058,0,0,0.018,0.014,0.011,9.871428571,1.142857143,7.571428571,13.27571429,2.714285714,2.828571429
2017-11-13,0.008,0.002,0.003,0.003,0,0.002,4,6.8,4.3,2725,3195,3005,1175,1425,1575,1140,1200,1005,20,5,5,300,125,375,0.9,1.2,4.2,2.1,193.288,73.83,17.4,7.6,434,0.065,0.017,0.031,0.0025,0,0,0.01,0.012,0.011,9.5,1.214285714,7.9,12.80142857,2.542857143,2.728571429
2017-11-21,0.005,0.001,0.003,0.002,0,0,5.7,8.9,5.6,2845,6090,4740,410,2130,2200,1665,2760,1880,5,20,30,0,500,200,1,1.6,2.7,0.2,183.5,73.56,15.3,7.1,488,0.064,0.022,0.035,0.0034,0,0,0.014,0.016,0.014,4.228571429,1.6,6.542857143,10.57142857,3.457142857,2.314285714
2017-11-27,0.006,0.001,0.003,0.002,0,0,5.3,5.5,4.6,3155,2915,2695,950,800,700,1600,1570,1510,20,15,15,25,0,0,1,1.6,1.9,7.4,176.639,73.47,13.9,5,34,0.076,0.014,0.024,0.0025,0,0,0,0,0,3.728571429,1.528571429,5.028571429,8.374285714,4,1.685714286
2017-12-04,0.007,0,0.002,0,0,0,5.2,5.9,5.3,2450,6260,2740,75,2650,275,1900,3060,2040,50,20,35,0,100,0,0.9,1.7,1,0.5,190.81,73.29666667,12.6,3.8,0,0.162,0.02,0.044,0,0,0,0.011,0.01,0.008,3.142857143,1.2,6.514285714,9.962857143,4.128571429,2.014285714
2017-12-11,0.003,0,0.001,0.002,0,0,4.7,6.2,2.3,2845,2885,1265,200,500,275,2220,1610,655,20,20,10,0,50,0,1.1,2,1.1,5.8,170.322,73.13166667,10.9,4,0,0.224,0.025,0.021,0,0,0,0.016,0.013,0.012,0.914285714,1.471428571,5.414285714,8.847142857,5.271428571,1.6
2017-12-18,0.003,0,0.001,0.003,0,0,5.6,5.5,4.6,3880,2485,1915,650,300,300,2965,1360,1060,40,50,25,0,0,0,1.1,2.1,1.2,0,170.532,72.93333333,9.1,5.1,0,0.34,0.036,0.07,0.0122,0,0.0033,0.014,0.01,0.008,-4.342857143,1.428571429,6.7,9.94,3.242857143,1.428571429
2017-12-26,0.003,0.001,0.002,0,0,0,2.8,5.1,3.3,1405,1970,1320,375,175,100,765,825,780,15,15,20,100,0,0,1.1,2,1.1,16.7,233.161,72.72333333,8.4,5.6,0,0.254,0.051,0.067,0.049,0.003,0.015,0.016,0.012,0.011,0.857142857,1.228571429,5.557142857,6.59,4.857142857,1.185714286
2018-01-02,0.003,0.001,0.002,0,0,0,3.4,8.2,6,1090,5030,2180,50,250,100,590,780,500,15,30,10,0,0,0,1.0318,2.113385714,1.243657143,0,123.283,72.43,7.5,5.7,0,0.249,0.065,0.206,0.069,0.004,0.023,0.011,0.011,0.011,-0.042857143,1.485714286,5.385714286,4.921428571,4.685714286,1.114285714
2018-01-08,0.002,0.001,0.002,0,0,0,3.6,8.3,4.9,1110,2465,1280,175,150,125,570,335,330,10,5,20,100,0,50,1.010314286,2.010985714,1.233414286,0,123.283,72.43,6.8,4.6,0,0.274,0.056,0.116,0.098,0.004,0.069,0.015,0.018,0.018,-1.428571429,1.042857143,5.557142857,5.255714286,3.814285714,1.028571429
2018-01-15,0,0.001,0.001,0,0,0,5.1,3.3,3.8,2540,1505,1550,0,100,0,595,735,555,10,15,5,0,0,0,0.919671429,1.777457143,1.102557143,6.5,123.286,72.27285714,6.2,4.1,0,0.064,0.174,0.081,0.0095,0.0098,0.004,0.012,0.011,0.005,-3.628571429,1.3,5.242857143,4.944285714,6.228571429,0.771428571
2018-01-22,0.002,0,0.001,0,0,0,3.4,4.4,4.5,1635,1380,940,50,0,0,1140,450,450,10,0,10,0,0,0,0.874842857,1.7769,1.155571429,15,123.215,72.14285714,6,9.8,0,0.096,0.068,0.064,0.0112,0.0032,0,0.014,0.012,0.012,2.742857143,1.014285714,4.328571429,7.198571429,6.057142857,1.257142857
2018-01-29,0.002,0.001,0.001,0,0,0,2.6,3.9,4.1,915,1505,1715,100,50,250,560,795,1140,25,5,10,0,0,0,0.911657143,1.6719,2.9,2.7,123.218,72.03,4.7,4,0,0.051,0.042,0.062,0.011,0.0033,0.0036,0.017,0.015,0.01,-7.242857143,1.842857143,7.457142857,7.98,3.328571429,1.242857143
2018-02-06,0,0,0,0,0,0,4,4.3,4.3,2660,2935,2680,50,0,75,2290,2335,2280,15,10,10,0,0,0,0.820971429,1.548657143,1.5668,0,127.454,71.83571429,3.4,3.3,0,0.052,0.038,0.034,0.0063,0.0054,0.0027,0.008,0.01,0.008,-4.014285714,1.7,8.357142857,10.04428571,2.914285714,1.728571429
2018-02-12,0,0,0,0,0,0,3.6,4.1,4.5,1150,1580,1310,0,0,0,905,1165,1045,35,10,35,0,0,0,0.7767,1.4902,1.626471429,0.1,128.862,71.67285714,4,3.3,0,0.059,0.029,0.043,0.009,0.0059,0.0028,0.013,0.011,0.013,-4.171428571,1.7,7.657142857,8.42,3.428571429,1.471428571
2018-02-19,0.001,0,0,0,0,0,3.8,3.5,4.1,1905,2195,1880,50,100,0,1465,1515,1345,15,20,30,0,0,0,0.831271429,1.538971429,1.625271429,1.4,128.729,71.48285714,5,3.3,0,0.058,0.026,0.041,0.0032,0.005,0.0025,0.014,0.014,0.017,0,1.571428571,6.757142857,8.348571429,4.642857143,1.714285714
2018-02-26,0.001,0.001,0.001,0,0,0,3.6,4.1,3,1575,1735,1375,100,0,0,990,1150,985,25,30,25,0,0,0,0.852842857,1.352528571,1.642585714,2.4,129.055,71.29142857,5,3.3,0,0.039,0.053,0.034,0.0076,0.0082,0.0027,0.01,0.012,0.01,2.9,1.5,7.014285714,8.411428571,4.471428571,2.028571429
2018-03-06,0,0,0,0,0,0,5.2,4.1,4.5,1515,1990,1580,0,50,0,1035,1335,1095,60,25,25,0,0,0,0.910071429,1.353642857,1.868042857,60.8,128.83,71.18285714,5.1,3.4,0,0.05,0.029,0.027,0.0078,0.0063,0.0033,0.01,0.014,0.012,6.057142857,1.671428571,7.314285714,13.52,4.685714286,3.028571429
2018-03-12,0,0,0,0,0,0,3.4,4.6,3.4,900,1875,1080,0,50,0,545,1155,730,35,80,70,0,0,0,0.933,1.237857143,2.107271429,37.4,129.03,71.64285714,5.7,3.9,0,0.062,0.063,0.045,0.0072,0.0106,0.0044,0.013,0.012,0.011,5.185714286,1.8,4.457142857,12.70571429,5.642857143,2.442857143
2018-03-19,0,0,0,0,0,0,2.1,3.2,2.8,1205,1940,1345,50,100,0,710,1015,745,125,125,100,50,0,0,0.9724,1.4241,1.612542857,15.6,128.843,72.09857143,6.3,2.5,0,0.104,0.047,0.04,0.0422,0.0067,0.0102,0.009,0.013,0.009,10.42857143,1.614285714,6.414285714,15.17285714,4.9,3.3
2018-03-26,0.001,0,0.001,0,0,0,2,3.3,2.3,685,1420,1295,0,0,0,475,785,830,120,100,105,0,0,0,1.042585714,1.456557143,1.356271429,32.6,128.655,72.70714286,7.3,2.3,0,0.048,0.045,0.041,0.0118,0.0055,0.0039,0.011,0.013,0.01,6.6,2.257142857,5.757142857,15.48714286,5.457142857,3.171428571
2018-04-03,0.002,0,0.001,0,0,0,2.5,3.2,1.9,880,1515,935,0,0,0,650,795,485,145,80,75,0,0,0,1.048,1.490014286,1.658914286,0,128.889,73.24285714,8.8,2.8,0,0.112,0.027,0.029,0.004,0,0,0.009,0.01,0.009,14.98571429,1.671428571,7.442857143,17.08,2.6,4.257142857
2018-04-09,0.001,0,0,0,0,0,4.1,3.4,2.2,1165,1540,855,175,0,0,730,655,420,70,35,40,175,0,0,1.086471429,1.596428571,2.0687,58.4,128.815,73.61142857,9.2,2.9,0,0.222,0.053,0.04,0.0161,0.0035,0.004,0.011,0.009,0.008,11.4,2.4,5.9,12.93714286,6.157142857,3.214285714
2018-04-16,0,0,0,0,0,0,1.1,2.6,1,745,1390,915,50,25,0,350,370,415,35,10,20,0,0,0,1.309342857,1.757,2.1241,25.6,154.265,74.63571429,9.7,2.5,0,0.043,0.02,0.03,0.0048,0,0,0.014,0.015,0.01,12.85714286,2.285714286,7.628571429,19.68571429,4.928571429,5.571428571
2018-04-23,0,0,0,0,0,0,2,6,2.3,560,1650,805,0,25,0,260,955,360,20,15,15,0,0,0,1.4077,1.712414286,2.946,0.9,201.15,74.91428571,11.9,4.6,0,0.04,0.022,0.024,0.0033,0,0,0.008,0.012,0.009,15.58571429,1.557142857,9.914285714,21.71,2.671428571,5.871428571
2018-05-03,0.002,0.001,0.001,0,0,0,1.9,5.4,3.2,785,1785,1420,50,250,75,295,1105,860,10,20,20,0,0,75,1.4598,1.796671429,2.791285714,18.7,492.491,74.91,12.7,3.2,0,0.032,0.022,0.025,0.0055,0,0,0.011,0.019,0.012,14.51428571,1.757142857,8.5,17.50714286,3.814285714,4.671428571
2018-05-08,0,0.001,0,0,0,0,3.2,5.1,2.6,1660,2115,1095,200,0,0,1295,1860,870,45,25,20,0,0,0,1.541957143,1.700185714,3.160528571,46.4,488.038,74.70714286,13.6,5.5,0,0.061,0.026,0.02,0.0122,0,0,0.008,0.009,0.011,17.6,1.885714286,6.885714286,18.23714286,6.271428571,4.971428571
2018-05-14,0.001,0.002,0.002,0,0,0,4.9,5.6,3,2560,2790,1400,0,0,0,2465,2570,1290,10,5,15,0,0,0,1.505114286,1.701785714,3.377128571,29.1,596.671,74.41428571,15.2,4.2,0,0.041,0.039,0.028,0.0163,0,0.0036,0.011,0.014,0.012,16.75714286,1.728571429,6.9,20.51,5.271428571,4.971428571
2018-05-21,0.003,0.002,0.002,0,0,0,5.1,5.3,0.2,4700,3680,2060,0,0,0,4390,3220,1730,50,0,20,0,0,0,1.205,1.516342857,3.099514286,5.1,385.233,74.09857143,16.1,11.8,68,0.186,0.023,0.026,0.026,0.0053,0.0065,0.009,0.009,0.008,21.25714286,2.1,5.371428571,18.19857143,6.885714286,4.971428571
2018-05-28,0.003,0.002,0.002,0,0,0,10.4,19.9,9.4,4460,4190,3040,300,0,50,3740,3310,2490,20,0,10,300,0,50,1.243542857,1.459328571,2.746714286,25.2,325.528,73.86142857,17.7,16.8,164,0.103,0.017,0.018,0.0255,0.0049,0.005,0.012,0.015,0.011,19.48571429,1.585714286,9,25.74571429,4.471428571,6.628571429
2018-06-04,0.003,0.003,0.002,0,0,0,9.7,22.4,12.9,3175,2560,2280,400,160,125,2315,1285,1510,10,10,0,400,160,0,1.365842857,1.385928571,3.270842857,0.5,393.565,73.48714286,19,16.5,0,0.084,0.017,0.033,0.0326,0,0.0049,0.012,0.013,0.01,22.9,1.257142857,11.07142857,27.95285714,3.742857143,7.671428571
2018-06-11,0.003,0.004,0.003,0,0,0,6.7,18.9,11.5,1030,1750,1320,0,40,10,735,795,755,20,20,5,0,0,0,1.644357143,1.403142857,3.683228571,0,484.371,72.79285714,21.6,19.7,96,0.055,0.033,0.031,0.0324,0,0.0024,0.011,0.01,0.009,23.4,1.814285714,8.414285714,25.12,5.471428571,6.857142857
2018-06-18,0.004,0.003,0.003,0,0,0,5.9,15.4,12.3,1185,3390,2180,150,90,175,490,1950,1260,10,140,35,100,40,100,1.570928571,1.460085714,4.052628571,1,484.388,72.00857143,20.8,17.4,76,0.054,0.023,0.043,0.0334,0,0.0022,0.012,0.021,0.014,22.04285714,2.385714286,7.214285714,22.58,5.4,6.271428571
2018-06-25,0.004,0.004,0.004,0,0,0,4.4,12.4,8.8,980,3250,2320,100,190,165,385,1870,1330,45,220,105,50,40,0,1.317928571,1.444242857,4.091257143,2.8,484.535,71.17714286,22.7,11.2,0,0.06,0.04,0.049,0.0369,0,0.0026,0.008,0.015,0.011,24.25714286,1.357142857,8.514285714,23.87714286,5.357142857,6.8
2018-07-03,0,0,0,0,0,0,15.6,7,8.7,6150,3890,4480,1500,450,1300,3730,2820,2550,830,660,520,400,100,500,2.072357143,1.855171429,5.058514286,229,868.266,70.89,23.7,9.6,840,0.298,0.06,0.113,0.0279,0.0027,0.0046,0.007,0.016,0.01,24.68571429,1.6,3.571428571,13.72571429,8.385714286,3.657142857
2018-07-09,0,0,0,0,0,0,7.1,6.5,4.4,4070,4870,2520,1000,1750,1100,2490,2490,1000,800,860,420,150,0,100,2.657385714,2.437328571,5.176871429,85.2,1582.848,72.46857143,24.2,8.6,832,0.206,0.054,0.044,0.0232,0.0087,0.003,0.025,0.03,0.029,23.98571429,2.085714286,4.785714286,17.28285714,7.471428571,4.542857143
2018-07-17,0,0,0,0,0,0,3.1,4.7,2.1,1155,2125,1515,200,675,675,565,1070,675,230,310,180,150,0,250,2.981628571,4.088785714,3.272442857,0.2,243.574,72.24714286,26.7,8,866,0.142,0.065,0.057,0.0134,0.0163,0.0041,0.033,0.032,0.028,27.28571429,1.428571429,7.471428571,20.56,6.185714286,5.571428571
2018-07-23,0,0,0,0,0,0,3.1,8.1,4.4,1275,7120,4970,425,5400,2950,655,1100,1160,175,640,410,75,2900,500,2.348585714,3.4812,2.367514286,0.1,161.958,72.17571429,26.1,8.1,840,0.096,0.053,0.051,0.0128,0.0095,0.0025,0.018,0.015,0.023,29.78571429,1.014285714,10.62857143,24.89142857,2.557142857,6.857142857
2018-07-30,0.006,0.002,0.006,0,0,0,2.3,6.5,3.4,560,4910,2020,175,3100,1000,180,1400,805,90,1060,495,175,900,350,1.888342857,2.879957143,1.884,4.1,162.206,71.80857143,25.8,9.5,5874,0.072,0.04,0.071,0.014,0.0107,0.0032,0.01,0.013,0.014,30.6,1.257142857,10.14285714,23.94571429,3.485714286,6.985714286
2018-08-06,0.007,0.002,0.004,0,0.006,0.003,1.9,7,3.4,645,6510,2575,350,5020,1900,185,600,370,75,230,135,125,900,400,2.617828571,2.534771429,2.426514286,0,248.356,71.45571429,27,14,8036,0.071,0.056,0.077,0.0092,0.0047,0.0021,0.01,0.017,0.013,31.84285714,1.771428571,10.68571429,25.55,2.5,8.085714286
2018-08-13,0.018,0.002,0.008,0.003,0.014,0.004,4.4,8.7,4.2,2565,5810,4330,2200,4050,3030,200,400,840,60,50,100,775,2200,1100,2.235414286,2.848414286,2.984542857,5.6,263.602,70.77428571,27.3,12.5,2076,0.19,0.065,0.102,0.0157,0.0022,0.0036,0.008,0.016,0.011,30.7,1.814285714,7.9,21.29142857,5.2,6.528571429
2018-08-20,0.016,0.001,0.006,0.002,0.01,0.003,3.2,8.8,5.5,1510,7630,4000,1025,6050,3100,295,260,330,50,20,100,575,1900,1300,1.898142857,3.687528571,3.244957143,2.3,265.3,70.46142857,27.3,11.9,7836,0.148,0.06,0.057,0.0224,0.0033,0.0029,0.013,0.023,0.014,29.75714286,2.214285714,11.21428571,25.64571429,4.385714286,8.457142857
2018-08-27,0.027,0.001,0.008,0.005,0.016,0.009,3.2,8.8,5.5,1360,16390,11310,875,15200,10100,260,250,510,40,20,50,200,2400,1600,1.737285714,4.046285714,3.205071429,172.2,265.6,69.98,26.7,12.9,7060,0.11,0.052,0.135,0.0026,0.0153,0,0.016,0.021,0.017,26.9,2.257142857,3.057142857,12.68571429,7.771428571,4.3
2018-09-04,0.002,0,0,0.008,0.008,0.005,2.4,5,2.1,3270,4510,1560,1850,3900,900,830,190,360,20,0,20,300,50,0,5.337657143,3.3577,3.287128571,183.3,2718.631,75.10428571,25,7.1,844,0.25,0.076,0.062,0.003,0.0618,0.0055,0.014,0.009,0.012,24.84285714,1.671428571,4.414285714,13.93285714,7.6,3.7
2018-09-10,0,0,0,0.002,0.004,0,1.8,1.2,0.7,1900,3540,840,1000,3150,400,370,100,140,20,10,10,400,1650,100,10.41021429,3.098914286,5.109071429,51.3,2831.043,75.83571429,24,4.6,4848,0.106,0.048,0.077,0.0105,0.0037,0.0037,0.016,0.05,0.031,22.94285714,1.557142857,7.442857143,18.97285714,4.8,5.128571429
2018-09-17,0,0,0,0.003,0.002,0.002,1.2,1.1,1.7,710,1225,845,75,560,320,345,160,275,10,50,15,0,0,0,8.924671429,3.866571429,5.2783,7.2,224.315,75.31571429,23.6,4.914,4140,0.068,0.034,0.04,0.0208,0.0105,0.0067,0.076,0.04,0.06,21.97142857,1.685714286,4.142857143,12.68285714,6.9,3.542857143
2018-09-27,0.001,0,0,0.003,0.006,0.003,3.2,8.7,3.7,1080,4320,1545,350,2720,650,525,280,275,35,20,25,50,850,0,7.507514286,4.3076,4.491514286,25.4,178.001,75.37571429,23.1,8.2,2640,0.081,0.043,0.036,0,0,0,0.066,0.057,0.059,20.91428571,1.114285714,5.485714286,14.25,6.742857143,3.685714286
2018-10-01,0.002,0,0.002,0.003,0.003,0.003,2.3,9,4.3,640,6430,2480,225,4600,1750,220,800,430,25,70,30,25,0,0,6.160742857,4.105285714,3.969614286,0,178.1,75.4,22.6,8.6,640,0.097,0.022,0.049,0.0038,0,0.0024,0.074,0.043,0.057,18.25714286,1.657142857,8.628571429,18.64,3.614285714,4.971428571
2018-10-08,0.001,0,0,0,0.003,0.002,9.3,11,7.8,4540,6730,4750,1050,4700,1950,2800,1400,2490,20,30,20,400,200,0,5.360471429,3.431542857,3.287671429,116.9,755,75.5,21.9,10.4,1886,0.084,0.021,0.039,0,0,0,0.04,0.018,0.03,17.04285714,1.571428571,6.7,14.14428571,5.071428571,3.428571429
2018-10-15,0.005,0,0.002,0.004,0.002,0.002,4.4,25.9,12.4,5350,20670,8370,600,9500,3500,4060,9270,4170,70,80,100,200,800,100,4.427414286,2.501485714,3.085728571,0.5,1000.61,76.04857143,20.9,17.6,880,0.104,0.017,0.035,0.004,0,0,0.049,0.035,0.039,12.7,1.157142857,8,16.64285714,3.842857143,3.671428571
2018-10-22,0.006,0.001,0.003,0.003,0.002,0.002,2.57,12.7,3,3490,19300,7780,470,7500,3050,2120,10300,4350,40,110,70,0,300,0,4.750728571,2.514514286,3.353942857,1.5,147.85,75.87285714,19.8,25.2,734,0.061,0.013,0.041,0.003,0,0,0.049,0.046,0.043,12.52857143,0.885714286,8.642857143,15.98714286,2.171428571,3.542857143
2018-10-29,0.004,0.002,0.003,0,0,0,3,9.64,5,1905,5620,4640,225,1960,1600,1405,3050,2750,35,40,50,50,650,700,3.932128571,2.077471429,3.618285714,22.3,131.785,75.83,18.4,14.6,828,0.052,0.017,0.06,0.005,0,0.003,0.031,0.0248,0.0175,11.82857143,1.257142857,5.571428571,10.79,4.914285714,2.514285714
2018-11-07,0.005,0.002,0.003,0.002,0,0,2.4,7.7,3.9,3630,7100,4310,650,2100,950,2040,4280,2850,50,40,20,200,250,400,3.243557143,1.767571429,3.591057143,0,131.612,75.79,17.5,8.7,444,0.0527,0.0314,0.04,0.0046,0,0.0022,0.0343,0.0248,0.0097,8.728571429,1.028571429,8.7,14.57,1.857142857,2.957142857
2018-11-12,0.006,0.001,0.002,0,0,0,3.9,4.5,3.6,3020,3020,3040,100,450,600,2620,2240,2180,50,20,10,100,100,300,3.065371429,1.785657143,2.9205,31,131.703,75.80857143,16.8,10.2,684,0.0952,0.0151,0.0187,0.0051,0,0.0024,0.0172,0.0203,0.017,11.54285714,0.957142857,3.4,6.685714286,6.471428571,1.457142857
2018-11-19,0.006,0,0.003,0,0,0,3.92,11.67,6.65,5410,6880,6100,1300,750,1600,3870,5730,4200,20,10,10,1200,300,200,2.648642857,1.549585714,2.6171,0.1,131.721,75.93857143,15.8,17.4,74,0.0737,0.0134,0.0413,0.0029,0,0.002,0.0265,0.0233,0.0215,8.171428571,0.871428571,6.757142857,11.07428571,3.842857143,2.285714286
2018-11-26,0.011,0.001,0.005,0,0,0,10.53,14.31,11.71,7390,6660,5370,1550,650,1000,5290,5640,4090,80,40,60,400,200,200,2.910357143,1.772871429,2.169857143,5.4,131.755,75.88571429,14.6,17.5,86,0.0719,0.0171,0.0301,0.0042,0,0.0026,0.014,0.0144,0.0124,5.2,1.014285714,5.542857143,9.575714286,4.5,2.028571429
2018-12-04,0.008,0.001,0.004,0,0,0,1.97,5.73,3.14,4370,4280,5130,350,900,850,3750,3160,4080,40,50,30,200,400,0,2.516471429,1.539428571,1.863914286,9.291,131.767,75.81,13.8,17.9,74,0.0704,0.0144,0.043,0.0029,0,0.0021,0.0186,0.0149,0.0138,6.085714286,0.814285714,5.571428571,8.74,4.257142857,1.814285714
2018-12-10,0.011,0.002,0.006,0.002,0,0,9.48,10.2,4.97,3550,2615,1655,650,490,420,2560,1865,1085,80,25,5,300,115,0,2.758328571,1.573871429,1.7113,17.566,131.841,75.84142857,11.9,11.8,32,0.372,0.0195,0.0701,0.004,0,0.0033,0.0266,0.0113,0.0148,1.457142857,1.5,4.771428571,7.661428571,5.957142857,1.342857143
2018-12-17,0.011,0.002,0.005,0,0,0,2.48,1.09,0.68,3090,2845,2295,475,875,625,2370,1165,1175,90,65,35,0,200,0,2.297828571,1.0777,1.581771429,3.144625,131.7579583,75.83505952,10.2,5.8,14,0.387,0.027,0.0579,0.0052,0,0.0035,0.0266,0.0113,0.0148,-1.442857143,1,5.8,8.608571429,3.714285714,1.442857143
2018-12-24,0.004,0.001,0.003,0,0,0,6.3,4.67,5.17,4400,2055,3900,700,275,1600,3030,1160,1710,50,35,40,200,0,0,2.314557143,0.8774,1.505,0.035875,131.9179583,75.7689881,9.6,4.5,0,0.485,0.0323,0.0938,0.0074,0,0.0046,0.0248,0.0149,0.0144,4.857142857,1.128571429,6.485714286,9.037142857,4.271428571,1.842857143
2019-01-02,0.008,0.001,0.003,0,0,0,2.75,4.31,2.61,1405,1370,1240,0,0,270,1210,1075,780,10,35,15,0,0,0,2.166285714,0.7946,1.906842857,0,131.3473333,75.66547619,7.5,4.7,0,0.181,0.05,0.056,0.0188,0,0.0021,0.0221,0.0072,0.0054,-3.642857143,1.471428571,7.314285714,10.52857143,3.142857143,1.642857143
2019-01-07,0.01,0.002,0.007,0,0,0,3.74,6.27,3.57,1550,2040,2230,0,0,100,1320,1450,1610,40,30,30,0,0,0,1.824014286,0.771542857,2.094271429,0,126.755,75.53,7,5.1,0,0.282,0.0633,0.1012,0.0629,0.0107,0.0203,0.0062,0.0049,0,-2.514285714,1.028571429,6.828571429,9.98,2.928571429,1.542857143
2019-01-14,0.009,0,0.005,0,0,0,3.08,5.88,3.78,1140,1400,1020,85,360,0,645,680,670,25,25,30,0,0,0,1.605757143,0.691,2.218771429,2,123.322,75.39857143,6.7,3.2,0,0.176,0.092,0.11,0.103,0.02,0.034,0.0103,0.0095,0.0071,0.271428571,1.028571429,5.971428571,9.167142857,4.614285714,1.614285714
2019-01-21,0.009,0.001,0.005,0,0,0,3.08,5.88,3.78,1090,1305,975,160,0,0,715,725,640,15,40,45,0,0,0,1.5047,0.694942857,2.056914286,0.7,124.357,75.26285714,6,5.2,0,0.401,0.0842,0.121,0.1478,0.033,0.0724,0.0088,0.0114,0.0106,0.442857143,1.328571429,5.557142857,9.178571429,5.128571429,1.6
2019-01-28,0.009,0.001,0.005,0,0,0,4.32,5.31,4.07,920,1055,1140,0,0,235,670,760,700,35,90,40,0,0,0,1.475842857,0.689142857,2.091957143,0.4,126.772,75.12285714,5.6,3.8,0,0.1605,0.0818,0.0734,0.0511,0.0415,0.0264,0.0137,0.0103,0.0082,0.514285714,1.428571429,8.642857143,12.38142857,1.042857143,2.328571429
2019-02-07,0.009,0.001,0.003,0,0,0,3.42,4.21,3.44,810,1010,980,95,115,0,555,625,740,50,110,35,0,0,0,1.399971429,0.714142857,2.164471429,20.1,124.451,74.99285714,5.5,4.3,0,0.0978,0.1068,0.1,0.0495,0.0575,0.0281,0.0107,0.0098,0.0079,1.6,1.328571429,5.557142857,9.621428571,5.185714286,1.842857143
2019-02-11,0.011,0,0.005,0,0,0,7.6,6.8,5.2,945,1210,1090,0,180,260,695,650,555,50,115,75,0,0,0,1.420571429,0.799928571,2.1032,0,126.726,74.91428571,5,5.2,0,0.1416,0.0828,0.0584,0.0097,0.0379,0.0112,0.01,0.01,0.011,0.571428571,1.542857143,7.642857143,13.49285714,5.657142857,2.471428571
2019-02-18,0.01,0,0.004,0,0,0,5.1,7.7,7.4,1790,1485,1430,285,310,205,1055,715,785,135,315,210,0,0,0,1.425,0.787185714,2.110828571,0.2,121.845,74.79285714,5,5.3,0,0.155,0.069,0.056,0,0.017,0.002,0.012,0.012,0.01,-0.071428571,1.414285714,7.442857143,13.99714286,4.5,2.357142857
2019-02-25,0.009,0.001,0.005,0,0,0,2.4,3,2.1,1260,1570,1050,120,400,0,875,775,860,175,435,210,0,0,0,1.426257143,0.838414286,2.250914286,17.1,123.228,74.72428571,5.2,5.7,44,0.267,0.042,0.047,0,0,0,0.022,0.017,0.016,3.414285714,1.014285714,6.142857143,12.35571429,5.428571429,2.2
2019-03-05,0.008,0,0.004,0,0,0,4.5,7.9,5,989,1458,1263,27,23,38,712,1060,870,177,340,240,27,0,0,1.477814286,0.983314286,2.410671429,0.1,123.356,74.64714286,5.6,4.6,0,0.087,0.033,0.032,0,0,0,0.009,0.009,0.007,6.685714286,1.014285714,6.885714286,14.41428571,5.085714286,3
2019-03-11,0.008,0,0.004,0,0,0,6.3,6.7,5,1516,1116,1214,300,0,181,841,651,618,246,271,188,221,0,124,1.452414286,0.932285714,2.0745,3.9,126.766,74.53714286,5.6,4.6,0,0.292,0.032,0.037,0,0,0,0.009,0.009,0.008,8.371428571,1.228571429,6.414285714,14.03714286,5.057142857,3.257142857
2019-03-18,0.006,0,0.003,0,0,0,8.8,5.8,4.7,1820,1236,1132,243,32,85,1177,824,662,542,389,307,141,0,28,1.462085714,1.268228571,1.581842857,4.8,126.832,74.43714286,5.8,5.4,0,0.296,0.032,0.049,0.0027,0,0,0.008,0.007,0.005,5.714285714,1.914285714,6.828571429,15.03714286,4.971428571,3.157142857
2019-03-25,0.01,0.002,0.008,0,0,0,3.1,6.2,4.6,699,1237,789,82,55,38,487,857,566,197,322,256,22,0,0,1.491228571,1.175185714,1.510842857,14.6,122.533,74.34857143,6.5,4,0,0.06,0.027,0.032,0.01,0,0,0.017,0.005,0.008,7.028571429,1.657142857,7.071428571,16.14,4.785714286,3.271428571
2019-04-02,0.01,0.002,0.005,0,0,0,3.4,5.2,6.9,659,1007,1149,81,0,61,398,622,748,153,252,353,0,0,0,1.522957143,1.391085714,1.542228571,4.8,126.7,74.25428571,6.6,3.7,0,0.058,0.033,0.082,0.004,0,0.002,0.008,0.009,0.009,9.8,1.928571429,7.614285714,18.00142857,5.471428571,4.314285714
2019-04-08,0.01,0.001,0.004,0,0,0,3.9,4.4,3.7,956,1133,813,91,100,145,530,538,363,275,288,193,49,0,43,1.422057143,1.289771429,2.0308,0,126.676,74.11142857,7.8,3.6,0,0.129,0.022,0.036,0.004,0,0,0.017,0.024,0.087,9.685714286,1.742857143,9.042857143,21.17285714,2.828571429,5.171428571
2019-04-15,0.008,0.002,0.005,0,0,0,3,5.8,4,428,1046,523,0,62,0,263,589,323,113,259,153,0,0,0,1.4509,1.563328571,2.194728571,36.8,126.838,74.20714286,8,3.5,0,0.085,0.021,0.037,0,0,0,0.012,0.014,0.011,10.85714286,1.971428571,6.485714286,17.58714286,6.128571429,4.8
2019-04-22,0.007,0.001,0.004,0,0,0,4.9,5.7,3.6,997,1179,665,40,91,82,607,598,263,197,283,168,40,0,0,1.462557143,1.535671429,1.746757143,0,130.792,74.29857143,10.2,5.4,0,0.184,0.024,0.025,0,0,0,0.01,0.014,0.01,15.55714286,1.514285714,8.071428571,21.29857143,4.928571429,5.614285714
2019-04-29,0.009,0,0.003,0,0,0,4,8.3,5.2,707,992,622,235,14,0,307,583,387,127,338,192,235,0,0,1.7345,1.225471429,1.7506,54.089,132.339,74.31285714,9.9,6.7,0,0.188,0.018,0.033,0,0,0,0.018,0.015,0.01,15.28571429,1.271428571,3.8,13.80571429,7.685714286,3.271428571
2019-05-07,0.005,0.001,0.002,0,0,0,6.4,11,7.8,1389,1744,1328,322,51,155,867,1148,673,382,558,368,260,0,0,1.553757143,1.312971429,2.052414286,0.055,305.826,74.51428571,10.9,7.6,0,0.382,0.028,0.056,0,0,0,0.015,0.013,0.012,16.55714286,1.3,9.757142857,23.66428571,3.914285714,6.214285714
2019-05-13,0.004,0.001,0.002,0,0,0,4.8,10.9,6.2,754,1599,872,26,36,32,513,1318,590,248,553,315,0,0,0,2.086628571,1.782814286,2.286242857,0,334.698,74.21714286,12.7,6.5,38,0.243,0.017,0.031,0,0,0,0.026,0.017,0.018,17.6,1.616666667,12.38333333,28.63333333,2.828571429,7.314285714
2019-05-20,0.006,0.001,0.002,0,0,0,5.8,11.6,6.3,1076,1517,908,244,0,27,687,1122,626,177,467,196,244,0,0,3.973385714,2.128185714,2.224128571,23.375,334.637,73.73285714,12.5,7.2,0,0.429,0.02,0.037,0,0,0,0.013,0.016,0.014,21.51428571,1.842857143,6.6,20.71,6.685714286,5.742857143
2019-05-27,0.002,0,0.002,0,0,0,4,8,4.4,430,769,505,0,0,20,220,409,245,20,24,20,0,0,0,1.967542857,2.509242857,2.416457143,15.51,334.619,73.28714286,14.8,6.8,0,0.198,0.019,0.029,0,0.004,0,0.02,0.022,0.015,21.7,2,11.34285714,28.89,2.757142857,8.428571429
2019-06-03,0.003,0.002,0.002,0,0,0,5.3,6.9,4.2,738,975,637,241,0,0,292,430,252,12,15,12,241,0,0,1.597428571,3.1571,2.854857143,0.996,310.167,72.79142857,15.4,6.3,616,0.304,0.022,0.037,0.005,0,0,0.013,0.02,0.014,19.35714286,1.614285714,9.057142857,22.63428571,5.057142857,6
2019-06-10,0.005,0.002,0.003,0,0,0,1.8,7.6,4,506,1157,1243,94,17,0,277,1005,1043,2,25,18,0,0,0,1.658557143,3.111457143,2.983028571,38.081,228.186,72.39142857,16.6,3.6,0,0.033,0.024,0.035,0.008,0,0,0.021,0.021,0.016,22.31428571,1.357142857,7.142857143,21.96571429,5.457142857,5.928571429
2019-06-17,0.003,0.003,0.002,0,0,0,2.2,7,3.7,316,841,543,0,33,0,231,608,388,1,8,8,0,33,0,1.953228571,2.939385714,3.044128571,8.493,267.111,72.17571429,17.7,6.4,0,0.024,0.017,0.016,0.003,0.002,0,0.017,0.02,0.019,21.5,1.314285714,8.971428571,25.21,4.528571429,6.571428571
2019-06-24,0.004,0.002,0.002,0,0,0,2.2,7,3.7,365,1178,977,0,135,153,165,563,559,0,3,9,0,68,0,1.474314286,7.917171429,2.652885714,0.716,277.978,71.69714286,19,3.9,0,0.038,0.024,0.062,0.004,0,0,0.011,0.016,0.013,23.2,1.257142857,8.3,23.61285714,5.857142857,6.214285714
2019-07-01,0.005,0.002,0.003,0,0,0,1.2,3.6,2.3,182,921,320,0,311,0,122,480,210,2,10,5,0,183,0,1.432242857,3.386783333,2.791728571,40.65,369.725,71.20571429,18.5,6.2,0,0.029,0.04,0.037,0.006,0,0,0.004,0.007,0.006,24.24285714,1.242857143,4.914285714,17.74857143,6.928571429,4.657142857
2019-07-08,0.006,0.002,0.003,0,0,0,1.2,3.6,2.3,272,1021,621,0,110,42,87,756,449,2,6,4,0,110,42,1.4061,3.302428571,3.041828571,0,419.81,70.83,20.5,9.6,98,0.033,0.041,0.049,0.01,0.008,0,0.007,0.012,0.011,25.42857143,1.785714286,9.871428571,25.61,3.9,7.685714286
2019-07-15,0.012,0.002,0.006,0,0,0,1.8,7,4.8,345.5,1349,739,44.5,394,64,211,615,435,1,5,0,0,330,15,1.5159,4.426357143,3.298442857,44.171,245.094,70.42,22.9,8,0,0.067,0.041,0.04,0.018,0.006,0,0.011,0.018,0.014,23.65714286,1.428571429,5.328571429,17.34857143,7.357142857,4.7
2019-07-24,0.014,0,0.008,0,0,0,1.6,4.8,2.4,508,967,687,132,167,41,141,480,351,1,0,6,89,70,41,2.004,4.050657143,3.715185714,118.914,156.884,70.64428571,22.6,4.2,82,0.057,0.035,0.028,0.026,0,0,0.011,0.016,0.014,25.31428571,1.742857143,3.028571429,14.56714286,8.757142857,3.757142857
2019-07-29,0.013,0,0.006,0,0,0,1.2,2.6,1.6,272,856,510,35,63,88,202,586,317,2,1,2,0,63,0,2.245785714,3.671414286,2.815085714,43.339,137.583,72.33,25.2,3.8,124,0.074,0.034,0.056,0.032,0.002,0.002,0.016,0.019,0.017,27.51428571,1.228571429,3.171428571,12.73428571,8.6,3.428571429
2019-08-06,0.004,0.002,0.003,0,0,0,2.3,4.8,3,654,2358,1059,19,1616,447,325,337,392,0,2,2,19,1520,447,1.790057143,3.382857143,2.661685714,0.422,211.662,72.885,26.6,4.9,1566,0.048,0.032,0.038,0.021,0.012,0,0.006,0.008,0.007,29.52857143,1.385714286,10.37142857,24.17428571,5.271428571,6.585714286
2019-08-12,0.005,0.005,0.004,0,0.003,0,2.3,4.8,3,652,2669,1411,225,1590,830,242,424,286,2,4,1,185,1522,710,1.6276,3.119314286,2.500314286,24.735,258.503,72.66,27.5,4.8,734,0.076,0.041,0.035,0.034,0.014,0.003,0.007,0.014,0.01,29.55714286,1.7,8.442857143,21.98571429,5.785714286,6.528571429
2019-08-19,0.006,0.006,0.004,0,0.005,0,1.9,5.3,2.8,619,2240,1321,57,1514,605,337,476,326,2,1,6,57,1440,595,1.720914286,2.8978,2.411885714,7.121,258.586,72.42428571,26.7,6.2,3610,0.062,0.036,0.047,0.029,0.007,0.003,0.015,0.023,0.019,27.64285714,1.514285714,6.314285714,17.00857143,6.3,4.757142857
2019-08-26,0.005,0.01,0.004,0,0.006,0,2.1,5.1,3.1,899,4222,1912,327,2441,1120,357,451,307,7,1,2,265,1577,1087,1.452414286,0.932285714,2.0745,59.27,259.266,72.23,27.7,5.7,2154,0.067,0.046,0.082,0.04,0.012,0.002,0.011,0.022,0.016,25.92857143,1.057142857,6.871428571,18.95428571,6,3.542857143
2019-09-03,0.006,0.009,0.006,0,0.006,0.002,2,3.7,2.4,416,1110,597,105,309,225,261,451,307,6,1,7,105,195,180,1.462085714,1.268228571,1.581842857,24.748,257.463,72.35428571,26.7,5.6,578,0.095,0.054,0.06,0.047,0.026,0.005,0.01,0.021,0.013,23.67142857,0.857142857,6.157142857,16.76,6.285714286,2.914285714
2019-09-09,0.011,0.014,0.008,0,0.004,0,2,4.2,2.4,536,1443,1054,110,541,232,216,622,377,1,2,2,110,505,180,1.491228571,1.175185714,1.510842857,66.032,236.16,72.36,25.9,5.1,510,0.089,0.057,0.093,0.051,0.004,0,0.012,0.016,0.014,24.41428571,1.642857143,0.7,8.935714286,9.671428571,1.728571429
2019-09-16,0.01,0.013,0.008,0,0.004,0,1.6,5.2,2.6,522,2501,1014,55,629,194,312,1272,415,2,2,0,55,609,194,1.522957143,1.391085714,1.542228571,17.739,236.252,72.82857143,26.3,5.2,980,0.093,0.031,0.05,0.079,0.006,0.005,0.014,0.023,0.016,24.12857143,1.342857143,4.942857143,14.77,6.8,2.757142857
2019-09-23,0.01,0.018,0.008,0,0.002,0,2,4.4,2.4,712,2161,1493,240,1255,747,372,616,451,7,1,1,240,1176,727,1.422057143,1.289771429,2.0308,123.477,236.201,72.96571429,24.4,5.5,530,0.145,0.011,0.056,0.068,0,0,0.014,0.023,0.016,20.54285714,1.357142857,6.257142857,15.10714286,5.728571429,2.857142857
2019-10-01,0.007,0.008,0.003,0,0,0,1.8,3.3,1.9,475,1063,447,80,380,30,300,465,262,5,0,2,80,325,30,1.4509,1.563328571,2.194728571,0.515,173.526,75.52714286,23.3,5.5,486,0.133,0.105,0.081,0.018,0.01,0,0.017,0.025,0.021,20.77142857,0.914285714,7.814285714,17.45285714,4.942857143,2.857142857
2019-10-07,0.002,0.016,0.006,0,0.003,0,2.2,4,2.5,331,1058,779,70,312,259,221,391,285,1,1,0,70,266,259,1.462557143,1.535671429,1.746757143,100.154,1240.314,76.41714286,23.2,4.4,760,0.108,0.044,0.093,0.041,0.014,0.003,0.02,0.025,0.023,21.08571429,1.514285714,4.371428571,11.38142857,6.842857143,2.114285714
2019-10-14,0.003,0.012,0.004,0.005,0.003,0.003,1.9,9.2,3.6,540,1662,1036,0,760,250,455,660,576,0,0,1,0,760,212,1.7345,1.225471429,1.7506,9.087,874.798,76.55714286,21.8,11.1,954,0.086,0.027,0.045,0.017,0.003,0.002,0.023,0.049,0.039,15.85714286,0.971428571,7.114285714,14.83571429,4.085714286,2.5
2019-10-21,0.002,0.011,0.005,0.003,0.002,0.002,2.8,19.1,8.9,581,3626,2051,25,657,112,416,2549,1289,1,4,4,25,635,112,1.553757143,1.312971429,2.052414286,0.659,126.583,76.46285714,21,13.7,338,0.084,0.032,0.041,0.024,0,0,0.026,0.037,0.032,15.17142857,0.842857143,7.385714286,14.55285714,4.228571429,2.328571429
2019-10-28,0.005,0.015,0.006,0.006,0.003,0.003,6.4,30.4,15.6,1468,5719,2624,132,1448,369,1041,3301,2015,6,6,5,51,1313,369,2.086628571,1.782814286,2.286242857,0,489.324,76.03142857,20,26.5,368,0.063,0.022,0.033,0.022,0,0.002,0.012,0.02,0.017,15.51428571,1.128571429,7.271428571,14.38142857,5.085714286,2.471428571
2019-11-05,0.007,0.011,0.008,0.004,0,0,20.9,41.9,28.2,4074,4763,3915,70,1070,590,3534,3258,2880,9,18,15,70,1070,590,3.973385714,2.128185714,2.224128571,0.208,126.753,75.82571429,19.4,38,342,0.093,0.021,0.053,0.003,0,0,0.026,0.033,0.03,13.3,0.842857143,7.814285714,13.53142857,3.228571429,2.028571429
2019-11-11,0.007,0.008,0.006,0.004,0,0.002,20,50.5,29,3652,6392,3714,50,1824,318,3082,4038,3156,12,18,16,50,1384,318,1.967542857,2.509242857,2.416457143,10.898,126.764,75.69285714,18,45.9,398,0.116,0.016,0.042,0.005,0,0,0.021,0.025,0.023,10.32857143,0.871428571,8.328571429,13.17,2.642857143,1.942857143
2019-11-18,0.007,0.003,0.004,0.002,0,0,7.3,14.3,9.4,2207,3310,2103,165,559,322,1317,2336,1226,7,16,6,165,559,300,1.597428571,3.1571,2.854857143,20.44,126.7,75.59142857,16.8,13.4,134,0.063,0.015,0.06,0.003,0,0,0.026,0.033,0.03,9.257142857,1.085714286,4.585714286,8.021428571,5.142857143,1.214285714
2019-11-25,0.006,0.003,0.004,0.003,0,0,6.3,11.3,8.2,2099,2307,2249,365,710,630,1224,602,989,4,2,4,365,710,630,1.720914286,2.8978,2.411885714,18.507,126.781,75.64857143,15.7,7.6,406,0.067,0.041,0.04,0.018,0.006,0,0.021,0.025,0.023,7.242857143,1.083333333,7.071428571,10.73428571,4.371428571,1.371428571
